timestamp,evento,x,y,tipo_objeto,detalhes
271,move,0,558,nenhum,
272,move,2,558,nenhum,
273,move,4,557,nenhum,
274,move,6,557,nenhum,
275,move,7,556,nenhum,
276,move,9,556,nenhum,
277,move,11,556,nenhum,
278,move,13,556,nenhum,
279,move,14,555,nenhum,
280,move,16,554,nenhum,
280,move,18,554,nenhum,
281,move,19,553,nenhum,
282,move,21,553,nenhum,
284,move,23,553,nenhum,
285,move,25,552,nenhum,
287,move,28,551,nenhum,
287,move,29,551,nenhum,
288,move,30,551,nenhum,
290,move,33,550,nenhum,
291,move,34,550,nenhum,
292,move,35,549,nenhum,
292,move,37,548,nenhum,
293,move,40,548,nenhum,
294,move,41,548,nenhum,
295,move,43,547,nenhum,
297,move,44,546,nenhum,
297,move,47,546,nenhum,
299,move,48,546,nenhum,
301,move,50,545,nenhum,
301,move,52,544,nenhum,
302,move,55,543,nenhum,
303,move,59,543,nenhum,
304,move,60,542,nenhum,
305,move,62,541,nenhum,
306,move,64,540,nenhum,
307,move,67,540,nenhum,
308,move,69,539,nenhum,
309,move,69,538,nenhum,
310,move,71,538,nenhum,
311,move,73,537,nenhum,
312,move,76,536,nenhum,
313,move,78,536,nenhum,
314,move,82,535,nenhum,
315,move,84,534,nenhum,
316,move,86,533,nenhum,
318,move,89,533,nenhum,
319,move,91,532,nenhum,
320,move,94,530,nenhum,
321,move,96,529,nenhum,
322,move,98,529,nenhum,
323,move,101,528,nenhum,
324,move,105,526,nenhum,
326,move,107,526,nenhum,
327,move,110,525,nenhum,
328,move,113,524,nenhum,
329,move,115,523,nenhum,
330,move,119,522,nenhum,
331,move,121,521,nenhum,
332,move,123,520,nenhum,
333,move,126,520,nenhum,
334,move,128,519,nenhum,
335,move,131,517,nenhum,
336,move,132,517,nenhum,
337,move,135,517,nenhum,
338,move,137,516,nenhum,
339,move,139,515,nenhum,
341,move,141,514,nenhum,
341,move,143,514,nenhum,
342,move,145,513,nenhum,
343,move,148,512,nenhum,
343,move,150,511,nenhum,
345,move,151,511,nenhum,
346,move,154,510,nenhum,
347,move,156,509,nenhum,
348,move,158,509,nenhum,
348,move,160,508,nenhum,
350,move,162,507,nenhum,
351,move,164,506,nenhum,
352,move,166,506,nenhum,
353,move,168,505,nenhum,
355,move,169,504,nenhum,
355,move,171,504,nenhum,
357,move,173,503,nenhum,
358,move,175,502,nenhum,
358,move,178,501,nenhum,
360,move,179,500,nenhum,
360,move,181,500,nenhum,
361,move,184,499,nenhum,
362,move,186,499,nenhum,
364,move,187,498,nenhum,
365,move,189,496,nenhum,
366,move,192,496,nenhum,
367,move,193,495,nenhum,
368,move,195,494,nenhum,
369,move,196,494,nenhum,
370,move,199,493,nenhum,
371,move,200,492,nenhum,
372,move,201,491,nenhum,
373,move,203,491,nenhum,
374,move,204,491,nenhum,
375,move,206,489,nenhum,
376,move,208,489,nenhum,
377,move,210,488,nenhum,
378,move,211,487,nenhum,
379,move,213,486,nenhum,
380,move,215,486,nenhum,
381,move,217,484,nenhum,
382,move,218,484,nenhum,
383,move,221,483,nenhum,
384,move,224,481,nenhum,
385,move,226,480,nenhum,
386,move,227,480,nenhum,
387,move,230,478,nenhum,
388,move,231,478,nenhum,
389,move,233,477,nenhum,
391,move,235,475,nenhum,
391,move,237,475,nenhum,
392,move,238,474,nenhum,
393,move,240,473,nenhum,
394,move,242,473,nenhum,
395,move,243,471,nenhum,
396,move,245,470,nenhum,
397,move,247,469,nenhum,
398,move,248,468,nenhum,
399,move,250,467,nenhum,
400,move,252,466,nenhum,
401,move,253,465,nenhum,
402,move,254,464,nenhum,
403,move,257,463,nenhum,
404,move,258,462,nenhum,
405,move,259,460,nenhum,
406,move,262,460,nenhum,
407,move,263,458,nenhum,
408,move,264,458,nenhum,
409,move,266,456,nenhum,
410,move,268,455,nenhum,
411,move,270,454,nenhum,
412,move,272,453,nenhum,
413,move,273,452,nenhum,
414,move,275,450,nenhum,
415,move,276,450,nenhum,
416,move,278,448,nenhum,
417,move,280,447,nenhum,
418,move,281,445,nenhum,
419,move,284,443,nenhum,
420,move,286,442,nenhum,
421,move,287,441,nenhum,
422,move,289,439,nenhum,
423,move,291,439,nenhum,
424,move,292,437,nenhum,
425,move,294,436,nenhum,
426,move,295,435,nenhum,
427,move,296,434,nenhum,
428,move,298,432,nenhum,
429,move,300,432,nenhum,
430,move,301,430,nenhum,
431,move,303,429,nenhum,
432,move,305,427,nenhum,
433,move,306,426,nenhum,
434,move,308,425,nenhum,
435,move,309,424,nenhum,
436,move,311,422,nenhum,
437,move,313,422,nenhum,
438,move,315,420,nenhum,
442,move,316,418,nenhum,
442,move,318,418,nenhum,
442,move,319,416,nenhum,
443,move,320,416,nenhum,
444,move,322,414,nenhum,
445,move,323,413,nenhum,
446,move,325,412,nenhum,
447,move,326,411,nenhum,
448,move,328,410,nenhum,
449,move,329,409,nenhum,
451,move,330,407,nenhum,
452,move,331,407,nenhum,
453,move,332,406,nenhum,
454,move,333,406,nenhum,
455,move,333,405,nenhum,
456,move,334,404,nenhum,
458,move,335,403,nenhum,
459,move,336,402,nenhum,
461,move,337,401,nenhum,
462,move,337,400,nenhum,
464,move,338,399,nenhum,
466,move,338,398,nenhum,
468,move,338,397,nenhum,
469,move,339,396,nenhum,
474,move,339,395,nenhum,
476,move,339,394,nenhum,
478,move,339,393,nenhum,
478,move,339,392,nenhum,
483,move,339,391,nenhum,
486,move,339,390,nenhum,
491,move,339,389,nenhum,
491,move,339,388,nenhum,
494,move,339,387,nenhum,
498,move,339,386,nenhum,
501,move,339,384,nenhum,
502,move,339,383,nenhum,
504,move,338,383,nenhum,
505,move,338,382,nenhum,
508,move,338,381,nenhum,
510,move,338,380,nenhum,
510,move,337,380,nenhum,
511,move,337,379,nenhum,
514,move,337,378,nenhum,
515,move,336,378,nenhum,
516,move,336,377,nenhum,
518,move,335,376,nenhum,
520,move,335,375,nenhum,
524,move,334,374,nenhum,
531,move,334,373,nenhum,
532,move,334,372,nenhum,
532,move,333,372,nenhum,
535,move,333,371,nenhum,
535,move,333,370,nenhum,
538,move,332,370,nenhum,
538,move,332,369,nenhum,
538,move,331,369,nenhum,
539,move,331,368,nenhum,
541,move,331,367,nenhum,
543,move,330,366,nenhum,
545,move,330,365,nenhum,
551,move,330,364,nenhum,
551,move,330,363,nenhum,
554,move,329,362,nenhum,
558,move,329,361,nenhum,
562,move,329,360,nenhum,
564,move,329,359,nenhum,
565,move,329,358,nenhum,
568,move,329,357,nenhum,
570,move,328,357,nenhum,
571,move,328,356,nenhum,
574,move,328,355,nenhum,
576,move,328,354,nenhum,
579,move,328,353,nenhum,
582,move,328,352,nenhum,
583,move,328,351,nenhum,
586,move,328,350,nenhum,
588,move,328,349,nenhum,
591,move,328,348,nenhum,
592,move,328,347,nenhum,
594,move,328,346,nenhum,
598,move,328,345,nenhum,
600,move,328,343,nenhum,
603,move,328,342,nenhum,
609,move,328,341,nenhum,
609,move,327,340,nenhum,
617,move,327,338,nenhum,
617,move,326,337,nenhum,
617,move,326,335,nenhum,
617,move,325,334,nenhum,
617,move,325,333,nenhum,
618,move,325,332,nenhum,
620,move,324,331,nenhum,
621,move,324,330,nenhum,
622,move,323,329,nenhum,
624,move,323,328,nenhum,
625,move,322,327,nenhum,
627,move,322,325,nenhum,
628,move,321,325,nenhum,
629,move,320,324,nenhum,
630,move,320,323,nenhum,
631,move,319,322,nenhum,
632,move,319,321,nenhum,
633,move,319,320,nenhum,
634,move,318,320,nenhum,
635,move,317,319,nenhum,
636,move,317,318,nenhum,
637,move,316,317,nenhum,
639,move,316,316,nenhum,
641,move,315,315,nenhum,
641,move,315,314,nenhum,
642,move,314,314,nenhum,
643,move,313,313,nenhum,
644,move,313,312,nenhum,
645,move,312,311,nenhum,
646,move,312,310,nenhum,
647,move,311,310,nenhum,
648,move,310,309,nenhum,
649,move,310,308,nenhum,
650,move,309,307,nenhum,
651,move,308,307,nenhum,
652,move,307,306,nenhum,
653,move,307,305,nenhum,
654,move,306,304,nenhum,
656,move,306,303,nenhum,
657,move,305,302,nenhum,
658,move,304,302,nenhum,
658,move,304,301,nenhum,
659,move,303,301,nenhum,
661,move,303,300,nenhum,
662,move,302,299,nenhum,
664,move,301,298,nenhum,
666,move,300,297,nenhum,
668,move,300,296,nenhum,
669,move,300,295,nenhum,
670,move,299,295,nenhum,
672,move,299,294,nenhum,
672,move,298,294,nenhum,
674,move,298,293,nenhum,
676,move,297,292,nenhum,
678,move,297,291,nenhum,
679,move,296,291,nenhum,
683,move,296,290,nenhum,
683,move,295,290,nenhum,
687,move,295,289,nenhum,
687,move,294,289,nenhum,
691,move,294,288,nenhum,
694,move,294,287,nenhum,
696,move,293,286,nenhum,
699,move,292,286,nenhum,
700,move,292,285,nenhum,
704,move,292,284,nenhum,
705,move,291,284,nenhum,
710,move,291,283,nenhum,
711,move,291,282,nenhum,
713,move,290,282,nenhum,
715,move,290,281,nenhum,
718,move,290,280,nenhum,
719,move,289,280,nenhum,
721,move,288,280,nenhum,
722,move,288,279,nenhum,
723,move,288,278,nenhum,
726,move,287,277,nenhum,
729,move,287,276,nenhum,
731,move,286,275,nenhum,
733,move,286,274,nenhum,
734,move,285,274,nenhum,
735,move,285,273,nenhum,
738,move,284,271,nenhum,
739,move,283,271,nenhum,
741,move,283,270,nenhum,
743,move,282,270,nenhum,
744,move,282,269,nenhum,
745,move,281,269,nenhum,
746,move,281,268,nenhum,
747,move,280,268,nenhum,
748,move,280,267,nenhum,
750,move,279,267,nenhum,
751,move,279,266,nenhum,
752,move,278,266,nenhum,
754,move,278,265,nenhum,
755,move,277,265,nenhum,
756,move,276,265,nenhum,
758,move,276,264,nenhum,
758,move,275,264,nenhum,
759,move,275,263,nenhum,
761,move,274,263,nenhum,
762,move,274,262,nenhum,
764,move,273,262,nenhum,
766,move,272,262,nenhum,
767,move,272,261,nenhum,
768,move,271,261,nenhum,
771,move,270,260,nenhum,
774,move,269,260,nenhum,
776,move,268,259,nenhum,
778,move,267,258,nenhum,
780,move,266,258,nenhum,
782,move,266,257,nenhum,
783,move,265,257,nenhum,
786,move,264,257,nenhum,
787,move,264,256,nenhum,
788,move,263,256,nenhum,
793,move,262,255,nenhum,
795,move,261,254,nenhum,
798,move,260,254,nenhum,
800,move,259,253,nenhum,
807,move,258,253,nenhum,
807,move,258,252,nenhum,
807,move,257,252,nenhum,
812,move,257,251,nenhum,
812,move,255,250,nenhum,
813,move,254,250,nenhum,
816,move,254,249,nenhum,
816,move,253,249,nenhum,
817,move,252,248,nenhum,
818,move,251,248,nenhum,
821,move,250,248,nenhum,
822,move,250,247,nenhum,
824,move,249,247,nenhum,
824,move,249,246,nenhum,
832,move,248,246,nenhum,
832,move,247,245,nenhum,
836,move,246,244,nenhum,
836,move,245,244,nenhum,
838,move,244,244,nenhum,
838,move,243,244,nenhum,
839,move,243,243,nenhum,
841,move,242,242,nenhum,
842,move,241,242,nenhum,
846,move,239,241,nenhum,
849,move,238,241,nenhum,
850,move,238,240,nenhum,
852,move,237,240,nenhum,
854,move,236,240,nenhum,
855,move,235,239,nenhum,
858,move,234,238,nenhum,
859,move,233,238,nenhum,
863,move,232,237,nenhum,
863,move,231,237,nenhum,
867,move,230,237,nenhum,
869,move,230,236,nenhum,
870,move,229,236,nenhum,
874,move,228,236,nenhum,
875,move,227,235,nenhum,
877,move,226,235,nenhum,
878,move,226,234,nenhum,
880,move,225,234,nenhum,
882,move,224,234,nenhum,
884,move,223,233,nenhum,
886,move,222,233,nenhum,
888,move,221,233,nenhum,
891,move,221,232,nenhum,
891,move,220,232,nenhum,
891,move,219,232,nenhum,
894,move,218,232,nenhum,
896,move,217,232,nenhum,
897,move,217,231,nenhum,
898,move,216,231,nenhum,
899,move,215,231,nenhum,
900,move,215,230,nenhum,
901,move,214,230,nenhum,
903,move,213,230,nenhum,
905,move,212,230,nenhum,
908,move,211,230,nenhum,
908,move,210,230,nenhum,
910,move,209,229,nenhum,
912,move,208,229,nenhum,
915,move,207,229,nenhum,
916,move,206,229,nenhum,
918,move,205,229,nenhum,
920,move,204,229,nenhum,
922,move,203,229,nenhum,
923,move,202,229,nenhum,
925,move,201,228,nenhum,
927,move,200,228,nenhum,
928,move,199,228,nenhum,
930,move,198,228,nenhum,
931,move,197,228,nenhum,
937,move,196,228,nenhum,
937,move,195,228,nenhum,
937,move,194,228,nenhum,
943,move,193,228,nenhum,
943,move,191,228,nenhum,
949,move,189,228,nenhum,
949,move,187,227,nenhum,
949,move,184,227,nenhum,
950,move,182,227,nenhum,
952,move,181,227,nenhum,
953,move,180,227,nenhum,
957,move,179,227,nenhum,
958,move,178,227,nenhum,
959,move,177,227,nenhum,
960,move,176,227,nenhum,
961,move,175,227,nenhum,
963,move,174,227,nenhum,
968,move,173,227,nenhum,
970,move,172,227,nenhum,
972,move,171,226,nenhum,
974,move,170,226,nenhum,
981,move,169,226,nenhum,
981,move,168,226,nenhum,
981,move,167,226,nenhum,
983,move,166,226,nenhum,
984,move,165,226,nenhum,
987,move,164,226,nenhum,
989,move,163,226,nenhum,
994,move,162,226,nenhum,
994,move,161,226,nenhum,
995,move,159,226,nenhum,
998,move,158,226,nenhum,
1000,move,157,226,nenhum,
1002,move,156,226,nenhum,
1003,move,155,226,nenhum,
1006,move,154,226,nenhum,
1008,move,153,226,nenhum,
1010,move,152,226,nenhum,
1012,move,151,226,nenhum,
1013,move,150,226,nenhum,
1015,move,149,226,nenhum,
1017,move,149,227,nenhum,
1018,move,148,227,nenhum,
1020,move,147,227,nenhum,
1022,move,146,227,nenhum,
1025,move,145,227,nenhum,
1027,move,145,228,nenhum,
1028,move,144,228,nenhum,
1031,move,143,228,nenhum,
1032,move,142,228,nenhum,
1037,move,141,228,nenhum,
1039,move,141,229,nenhum,
1043,move,140,229,nenhum,
1045,move,139,229,nenhum,
1049,move,138,229,nenhum,
1052,move,138,230,nenhum,
1055,move,137,230,nenhum,
1058,move,137,231,nenhum,
1060,move,136,231,nenhum,
1067,move,135,231,nenhum,
1069,move,135,232,nenhum,
1073,move,134,232,nenhum,
1084,move,133,232,nenhum,
1085,move,133,233,nenhum,
1095,move,132,233,nenhum,
1098,move,132,234,nenhum,
1102,move,131,234,nenhum,
1103,move,131,235,nenhum,
1109,move,130,235,nenhum,
1111,move,130,236,nenhum,
1115,move,129,236,nenhum,
1120,move,129,237,nenhum,
1121,move,128,237,nenhum,
1129,move,128,238,nenhum,
1130,move,127,238,nenhum,
1132,move,127,239,nenhum,
1137,move,126,239,nenhum,
1144,move,126,240,nenhum,
1156,move,125,241,nenhum,
1169,move,125,242,nenhum,
1174,move,124,243,nenhum,
1194,move,123,243,nenhum,
1199,move,122,243,nenhum,
1203,move,122,244,nenhum,
1209,move,121,244,nenhum,
1216,move,120,245,nenhum,
1223,move,119,245,nenhum,
1227,move,119,246,nenhum,
1233,move,118,246,nenhum,
1233,move,117,247,nenhum,
1238,move,116,248,nenhum,
1245,move,115,249,nenhum,
1250,move,115,250,nenhum,
1251,move,114,250,nenhum,
1258,move,114,251,nenhum,
1261,move,113,252,nenhum,
1266,move,113,253,nenhum,
1271,move,113,254,nenhum,
1277,move,113,255,nenhum,
1279,move,113,256,nenhum,
1283,move,113,257,nenhum,
1287,move,113,258,nenhum,
1293,move,113,259,nenhum,
1296,move,113,260,nenhum,
1298,move,113,261,nenhum,
1303,move,113,262,nenhum,
1309,move,113,263,nenhum,
1310,move,113,264,nenhum,
1314,move,113,265,nenhum,
1316,move,114,265,nenhum,
1319,move,114,266,nenhum,
1323,move,115,267,nenhum,
1327,move,115,268,nenhum,
1329,move,116,268,nenhum,
1331,move,116,269,nenhum,
1333,move,117,269,nenhum,
1334,move,117,270,nenhum,
1335,move,118,270,nenhum,
1338,move,118,271,nenhum,
1341,move,119,272,nenhum,
1344,move,120,273,nenhum,
1347,move,121,273,nenhum,
1348,move,121,274,nenhum,
1351,move,122,274,nenhum,
1353,move,123,275,nenhum,
1354,move,123,276,nenhum,
1357,move,124,276,nenhum,
1358,move,124,277,nenhum,
1360,move,125,277,nenhum,
1363,move,125,278,nenhum,
1364,move,126,278,nenhum,
1364,move,127,278,nenhum,
1366,move,127,279,nenhum,
1368,move,128,279,nenhum,
1369,move,128,280,nenhum,
1372,move,129,280,nenhum,
1373,move,129,281,nenhum,
1375,move,130,281,nenhum,
1376,move,131,281,nenhum,
1377,move,131,282,nenhum,
1379,move,132,282,nenhum,
1382,move,132,283,nenhum,
1384,move,133,283,nenhum,
1387,move,134,283,nenhum,
1388,move,134,284,nenhum,
1389,move,135,284,nenhum,
1391,move,135,285,nenhum,
1392,move,136,285,nenhum,
1396,move,136,286,nenhum,
1397,move,137,286,nenhum,
1400,move,138,286,nenhum,
1402,move,139,287,nenhum,
1416,move,140,287,nenhum,
1416,move,141,288,nenhum,
1416,move,141,289,nenhum,
1416,move,142,289,nenhum,
1420,move,143,290,nenhum,
1426,move,144,290,nenhum,
1432,move,145,291,nenhum,
1439,move,146,291,nenhum,
1442,move,147,291,nenhum,
1451,move,148,292,nenhum,
1463,move,149,292,nenhum,
1479,move,150,292,nenhum,
1491,move,151,292,nenhum,
1495,move,151,293,nenhum,
1516,move,152,293,nenhum,
1530,move,153,293,nenhum,
1545,move,154,293,nenhum,
1554,move,155,293,nenhum,
1562,move,155,294,nenhum,
1563,move,156,294,nenhum,
1566,move,157,294,nenhum,
1577,move,158,294,nenhum,
1583,move,159,294,nenhum,
1586,move,160,294,nenhum,
1601,move,161,294,nenhum,
1637,move,162,294,nenhum,
1657,move,163,294,nenhum,
1662,move,164,294,nenhum,
1663,move,164,295,nenhum,
1669,move,165,295,nenhum,
1674,move,166,295,nenhum,
1679,move,167,295,nenhum,
1682,move,168,295,nenhum,
1686,move,169,296,nenhum,
1691,move,170,296,nenhum,
1692,move,170,297,nenhum,
1695,move,171,297,nenhum,
1697,move,172,297,nenhum,
1701,move,173,298,nenhum,
1705,move,174,298,nenhum,
1708,move,175,298,nenhum,
1710,move,176,299,nenhum,
1714,move,177,299,nenhum,
1719,move,178,299,nenhum,
1721,move,178,300,nenhum,
1728,move,179,300,nenhum,
1729,move,180,300,nenhum,
1733,move,180,301,nenhum,
1736,move,181,301,nenhum,
1748,move,182,301,nenhum,
1794,move,183,301,nenhum,
1838,click,183,301,ponto,ID=0x12bb5b13670
1860,move,183,302,nenhum,
1869,move,183,303,nenhum,
1875,move,184,303,nenhum,
1964,move,184,304,nenhum,
1975,move,185,304,nenhum,
1976,move,185,305,nenhum,
1991,move,185,306,nenhum,
1993,move,186,306,nenhum,
1999,move,186,307,nenhum,
2003,move,187,307,nenhum,
2008,move,187,308,nenhum,
2010,move,187,309,nenhum,
2011,move,188,309,nenhum,
2015,move,189,309,nenhum,
2016,move,189,310,nenhum,
2020,move,190,310,nenhum,
2022,move,190,311,nenhum,
2024,move,191,311,nenhum,
2026,move,191,312,nenhum,
2029,move,192,312,nenhum,
2029,move,193,313,nenhum,
2034,move,194,313,nenhum,
2035,move,194,314,nenhum,
2037,move,195,314,nenhum,
2042,move,197,315,nenhum,
2044,move,198,315,nenhum,
2047,move,199,316,nenhum,
2048,move,200,316,nenhum,
2048,move,200,317,nenhum,
2050,move,201,317,nenhum,
2051,move,202,317,nenhum,
2053,move,203,318,nenhum,
2054,move,204,318,nenhum,
2054,move,205,318,nenhum,
2057,move,207,318,nenhum,
2059,move,208,319,nenhum,
2059,move,209,319,nenhum,
2060,move,210,319,nenhum,
2062,move,211,319,nenhum,
2064,move,213,319,nenhum,
2066,move,214,320,nenhum,
2067,move,215,320,nenhum,
2069,move,216,320,nenhum,
2070,move,217,320,nenhum,
2072,move,219,320,nenhum,
2074,move,220,321,nenhum,
2076,move,221,321,nenhum,
2077,move,222,321,nenhum,
2078,move,223,321,nenhum,
2080,move,224,321,nenhum,
2082,move,226,321,nenhum,
2084,move,227,321,nenhum,
2086,move,228,321,nenhum,
2087,move,229,321,nenhum,
2089,move,230,321,nenhum,
2091,move,231,321,nenhum,
2093,move,232,321,nenhum,
2095,move,233,321,nenhum,
2098,move,234,321,nenhum,
2099,move,235,321,nenhum,
2101,move,235,320,nenhum,
2102,move,236,320,nenhum,
2106,move,237,320,nenhum,
2108,move,237,319,nenhum,
2110,move,238,319,nenhum,
2112,move,239,319,nenhum,
2113,move,239,318,nenhum,
2117,move,240,318,nenhum,
2118,move,240,317,nenhum,
2119,move,240,316,nenhum,
2121,move,241,316,nenhum,
2123,move,241,315,nenhum,
2126,move,242,315,nenhum,
2126,move,242,314,nenhum,
2126,move,243,314,nenhum,
2128,move,243,313,nenhum,
2129,move,244,313,nenhum,
2130,move,244,312,nenhum,
2132,move,245,311,nenhum,
2134,move,246,311,nenhum,
2135,move,247,310,nenhum,
2137,move,248,309,nenhum,
2138,move,248,308,nenhum,
2141,move,249,308,nenhum,
2141,move,250,307,nenhum,
2141,move,251,307,nenhum,
2142,move,251,306,nenhum,
2143,move,253,305,nenhum,
2144,move,253,304,nenhum,
2146,move,254,304,nenhum,
2147,move,255,303,nenhum,
2148,move,256,302,nenhum,
2149,move,257,301,nenhum,
2151,move,258,301,nenhum,
2152,move,258,300,nenhum,
2153,move,260,300,nenhum,
2154,move,260,299,nenhum,
2156,move,261,298,nenhum,
2158,move,263,297,nenhum,
2159,move,264,296,nenhum,
2161,move,265,295,nenhum,
2161,move,266,295,nenhum,
2163,move,266,294,nenhum,
2164,move,267,294,nenhum,
2166,move,269,292,nenhum,
2167,move,270,292,nenhum,
2168,move,270,291,nenhum,
2169,move,271,291,nenhum,
2170,move,272,291,nenhum,
2171,move,273,290,nenhum,
2172,move,273,289,nenhum,
2173,move,274,289,nenhum,
2174,move,275,288,nenhum,
2176,move,276,287,nenhum,
2178,move,277,287,nenhum,
2179,move,277,286,nenhum,
2180,move,278,286,nenhum,
2181,move,279,286,nenhum,
2182,move,279,285,nenhum,
2183,move,280,284,nenhum,
2186,move,281,283,nenhum,
2189,move,282,282,nenhum,
2191,move,283,282,nenhum,
2192,move,283,281,nenhum,
2193,move,284,281,nenhum,
2194,move,284,280,nenhum,
2197,move,285,280,nenhum,
2198,move,285,279,nenhum,
2202,move,286,278,nenhum,
2203,move,287,278,nenhum,
2207,move,287,277,nenhum,
2209,move,288,276,nenhum,
2216,move,288,275,nenhum,
2219,move,289,275,nenhum,
2227,move,289,274,nenhum,
2242,move,290,273,nenhum,
2251,move,290,272,nenhum,
2253,move,291,272,nenhum,
2261,move,292,272,nenhum,
2271,move,293,272,nenhum,
2272,move,293,271,nenhum,
2279,move,294,271,nenhum,
2285,move,295,271,nenhum,
2288,move,296,271,nenhum,
2293,move,297,271,nenhum,
2300,move,298,271,nenhum,
2304,move,298,270,nenhum,
2308,move,299,270,nenhum,
2312,move,300,270,nenhum,
2368,move,301,270,nenhum,
2376,move,301,271,nenhum,
2382,move,301,272,nenhum,
2384,move,301,273,nenhum,
2390,move,302,274,nenhum,
2395,move,302,275,nenhum,
2401,move,302,276,nenhum,
2404,move,302,277,nenhum,
2410,move,302,278,nenhum,
2415,move,302,279,nenhum,
2420,move,302,280,nenhum,
2423,move,302,281,nenhum,
2428,move,302,282,nenhum,
2431,move,302,283,nenhum,
2434,move,302,284,nenhum,
2436,move,302,285,nenhum,
2439,move,301,285,nenhum,
2443,move,301,286,nenhum,
2446,move,301,287,nenhum,
2446,move,300,287,nenhum,
2447,move,300,288,nenhum,
2449,move,299,288,nenhum,
2451,move,299,289,nenhum,
2453,move,299,290,nenhum,
2454,move,298,290,nenhum,
2458,move,298,291,nenhum,
2460,move,297,291,nenhum,
2463,move,297,292,nenhum,
2468,move,296,292,nenhum,
2478,move,296,293,nenhum,
2481,move,295,294,nenhum,
2612,move,295,293,nenhum,
2622,move,295,292,nenhum,
2631,move,295,291,nenhum,
2642,move,295,290,nenhum,
2644,move,295,289,nenhum,
2654,move,295,288,nenhum,
2696,click,295,288,ponto,ID=0x12bb5b13a90
2747,move,295,287,nenhum,
2767,move,296,287,nenhum,
2824,move,297,287,nenhum,
2827,move,297,286,nenhum,
2834,move,297,285,nenhum,
2838,move,297,284,nenhum,
2838,move,298,284,nenhum,
2843,move,298,283,nenhum,
2848,move,298,282,nenhum,
2850,move,299,282,nenhum,
2854,move,299,281,nenhum,
2858,move,299,280,nenhum,
2859,move,300,280,nenhum,
2866,move,300,279,nenhum,
2922,move,301,279,nenhum,
2925,move,301,278,nenhum,
2939,move,302,278,nenhum,
2941,move,302,277,nenhum,
2949,move,302,276,nenhum,
2963,move,302,275,nenhum,
2976,move,303,275,nenhum,
2977,move,303,274,nenhum,
2987,move,303,273,nenhum,
2988,move,304,273,nenhum,
2990,move,304,272,nenhum,
2996,move,304,271,nenhum,
3001,move,305,270,nenhum,
3006,move,305,269,nenhum,
3008,move,306,269,nenhum,
3008,move,306,268,nenhum,
3011,move,306,267,nenhum,
3013,move,307,267,nenhum,
3014,move,308,267,nenhum,
3014,move,308,266,nenhum,
3017,move,309,265,nenhum,
3019,move,309,264,nenhum,
3021,move,310,264,nenhum,
3022,move,310,263,nenhum,
3025,move,311,262,nenhum,
3027,move,312,262,nenhum,
3027,move,312,261,nenhum,
3028,move,312,260,nenhum,
3029,move,313,260,nenhum,
3031,move,313,259,nenhum,
3033,move,314,259,nenhum,
3034,move,314,258,nenhum,
3037,move,315,257,nenhum,
3038,move,315,256,nenhum,
3039,move,316,256,nenhum,
3041,move,316,255,nenhum,
3043,move,317,255,nenhum,
3044,move,317,254,nenhum,
3047,move,318,253,nenhum,
3048,move,318,252,nenhum,
3050,move,318,251,nenhum,
3053,move,319,251,nenhum,
3054,move,319,250,nenhum,
3055,move,320,249,nenhum,
3058,move,320,248,nenhum,
3061,move,321,247,nenhum,
3064,move,321,246,nenhum,
3065,move,322,245,nenhum,
3068,move,322,244,nenhum,
3070,move,323,244,nenhum,
3071,move,323,243,nenhum,
3073,move,324,243,nenhum,
3074,move,324,241,nenhum,
3076,move,325,241,nenhum,
3076,move,325,240,nenhum,
3079,move,326,239,nenhum,
3081,move,327,239,nenhum,
3082,move,327,238,nenhum,
3083,move,327,237,nenhum,
3084,move,328,237,nenhum,
3086,move,328,236,nenhum,
3087,move,329,236,nenhum,
3088,move,329,235,nenhum,
3089,move,330,235,nenhum,
3091,move,330,234,nenhum,
3092,move,331,233,nenhum,
3093,move,332,233,nenhum,
3094,move,332,232,nenhum,
3096,move,333,232,nenhum,
3097,move,333,231,nenhum,
3098,move,334,231,nenhum,
3099,move,334,230,nenhum,
3100,move,335,230,nenhum,
3101,move,335,229,nenhum,
3102,move,336,229,nenhum,
3104,move,337,228,nenhum,
3106,move,338,228,nenhum,
3107,move,339,227,nenhum,
3109,move,339,226,nenhum,
3110,move,340,226,nenhum,
3111,move,340,225,nenhum,
3113,move,341,225,nenhum,
3114,move,341,224,nenhum,
3116,move,342,224,nenhum,
3117,move,342,223,nenhum,
3118,move,343,223,nenhum,
3120,move,343,222,nenhum,
3122,move,344,222,nenhum,
3123,move,344,221,nenhum,
3126,move,345,220,nenhum,
3130,move,345,219,nenhum,
3132,move,346,219,nenhum,
3137,move,346,218,nenhum,
3139,move,347,217,nenhum,
3145,move,347,216,nenhum,
3150,move,348,216,nenhum,
3151,move,348,215,nenhum,
3160,move,348,214,nenhum,
3166,move,348,213,nenhum,
3267,move,349,213,nenhum,
3268,move,349,212,nenhum,
3272,move,350,212,nenhum,
3279,move,351,212,nenhum,
3279,move,351,211,nenhum,
3282,move,352,211,nenhum,
3285,move,353,210,nenhum,
3289,move,353,209,nenhum,
3291,move,354,209,nenhum,
3294,move,355,209,nenhum,
3296,move,356,209,nenhum,
3299,move,356,208,nenhum,
3301,move,357,208,nenhum,
3310,move,358,208,nenhum,
3313,move,358,207,nenhum,
3314,move,359,207,nenhum,
3318,move,360,207,nenhum,
3329,move,361,207,nenhum,
3332,move,361,206,nenhum,
3346,move,362,206,nenhum,
3358,move,362,205,nenhum,
3359,move,363,205,nenhum,
3366,move,364,205,nenhum,
3386,move,365,205,nenhum,
3442,click,365,205,linha,P1=(531.406) P2=(256.79)
3547,move,366,205,nenhum,
3561,move,367,205,nenhum,
3567,move,367,204,nenhum,
3572,move,368,204,nenhum,
3607,move,369,204,nenhum,
3628,move,370,204,nenhum,
3637,move,371,204,nenhum,
3643,move,371,203,nenhum,
3644,move,372,203,nenhum,
3656,click,372,203,linha,P1=(544.406) P2=(269.79)
3656,move,373,203,nenhum,
3666,move,374,203,nenhum,
3678,move,375,203,nenhum,
3685,move,376,203,nenhum,
3697,move,376,202,nenhum,
3701,move,377,202,nenhum,
3714,move,378,202,nenhum,
3724,move,379,202,nenhum,
3730,move,380,202,nenhum,
3734,move,380,201,nenhum,
3745,move,381,201,nenhum,
3816,move,381,200,nenhum,
3821,move,380,200,nenhum,
3822,move,379,200,nenhum,
3823,move,379,199,nenhum,
3825,move,378,199,nenhum,
3827,move,377,199,nenhum,
3829,move,376,199,nenhum,
3830,move,375,198,nenhum,
3832,move,374,198,nenhum,
3834,move,373,198,nenhum,
3835,move,372,198,nenhum,
3836,move,371,197,nenhum,
3838,move,370,197,nenhum,
3841,move,368,197,nenhum,
3842,move,367,196,nenhum,
3844,move,365,196,nenhum,
3845,move,364,196,nenhum,
3847,move,363,196,nenhum,
3847,move,362,196,nenhum,
3848,move,361,195,nenhum,
3849,move,360,195,nenhum,
3850,move,359,194,nenhum,
3851,move,358,194,nenhum,
3852,move,357,194,nenhum,
3853,move,356,194,nenhum,
3855,move,354,193,nenhum,
3857,move,353,193,nenhum,
3857,move,352,192,nenhum,
3858,move,350,192,nenhum,
3859,move,349,192,nenhum,
3860,move,348,191,nenhum,
3861,move,346,191,nenhum,
3862,move,344,190,nenhum,
3864,move,342,190,nenhum,
3865,move,341,190,nenhum,
3866,move,339,190,nenhum,
3867,move,338,189,nenhum,
3868,move,337,189,nenhum,
3869,move,335,188,nenhum,
3870,move,334,188,nenhum,
3871,move,333,188,nenhum,
3872,move,331,188,nenhum,
3873,move,329,187,nenhum,
3874,move,328,187,nenhum,
3875,move,327,186,nenhum,
3876,move,325,186,nenhum,
3877,move,324,186,nenhum,
3878,move,322,185,nenhum,
3879,move,320,185,nenhum,
3880,move,319,185,nenhum,
3881,move,317,184,nenhum,
3882,move,315,184,nenhum,
3883,move,314,183,nenhum,
3884,move,312,183,nenhum,
3885,move,310,183,nenhum,
3887,move,308,183,nenhum,
3888,move,305,183,nenhum,
3888,move,304,183,nenhum,
3891,move,302,182,nenhum,
3891,move,300,182,nenhum,
3892,move,297,182,nenhum,
3893,move,295,181,nenhum,
3894,move,292,181,nenhum,
3895,move,290,180,nenhum,
3897,move,288,180,nenhum,
3898,move,284,180,nenhum,
3899,move,282,180,nenhum,
3900,move,280,179,nenhum,
3901,move,278,179,nenhum,
3902,move,275,179,nenhum,
3903,move,272,179,nenhum,
3904,move,270,178,nenhum,
3906,move,267,178,nenhum,
3907,move,265,178,nenhum,
3908,move,263,177,nenhum,
3909,move,260,177,nenhum,
3910,move,258,177,nenhum,
3911,move,255,177,nenhum,
3912,move,252,177,nenhum,
3913,move,249,177,nenhum,
3914,move,247,177,nenhum,
3915,move,246,177,nenhum,
3916,move,244,177,nenhum,
3917,move,241,177,nenhum,
3918,move,239,177,nenhum,
3919,move,237,177,nenhum,
3920,move,233,177,nenhum,
3921,move,230,177,nenhum,
3922,move,227,177,nenhum,
3923,move,225,177,nenhum,
3924,move,222,177,nenhum,
3925,move,220,177,nenhum,
3927,move,217,176,nenhum,
3928,move,215,176,nenhum,
3929,move,212,176,nenhum,
3930,move,210,176,nenhum,
3931,move,208,176,nenhum,
3932,move,205,176,nenhum,
3933,move,202,176,nenhum,
3934,move,200,176,nenhum,
3935,move,195,175,nenhum,
3936,move,192,175,nenhum,
3937,move,190,175,nenhum,
3938,move,187,174,nenhum,
3939,move,185,174,nenhum,
3942,move,182,174,nenhum,
3942,move,179,174,nenhum,
3942,move,177,173,nenhum,
3943,move,174,173,nenhum,
3944,move,171,173,nenhum,
3945,move,169,173,nenhum,
3946,move,167,172,nenhum,
3947,move,165,172,nenhum,
3948,move,163,172,nenhum,
3949,move,160,172,nenhum,
3949,move,159,172,nenhum,
3951,move,156,172,nenhum,
3952,move,154,172,nenhum,
3953,move,152,172,nenhum,
3954,move,151,172,nenhum,
3955,move,149,172,nenhum,
3956,move,147,172,nenhum,
3957,move,146,171,nenhum,
3958,move,144,171,nenhum,
3959,move,142,171,nenhum,
3960,move,140,171,nenhum,
3961,move,138,171,nenhum,
3962,move,137,170,nenhum,
3963,move,135,170,nenhum,
3965,move,133,170,nenhum,
3966,move,131,169,nenhum,
3967,move,129,169,nenhum,
3968,move,128,169,nenhum,
3969,move,127,169,nenhum,
3970,move,125,169,nenhum,
3970,move,124,168,nenhum,
3972,move,123,168,nenhum,
3973,move,121,168,nenhum,
3974,move,120,167,nenhum,
3974,move,119,167,nenhum,
3976,move,117,167,nenhum,
3977,move,116,167,nenhum,
3978,move,115,167,nenhum,
3979,move,114,166,nenhum,
3980,move,112,165,nenhum,
3982,move,110,165,nenhum,
3984,move,109,165,nenhum,
3984,move,108,165,nenhum,
3986,move,107,164,nenhum,
3987,move,106,164,nenhum,
3989,move,104,164,nenhum,
3991,move,103,163,nenhum,
3993,move,102,163,nenhum,
3995,move,101,163,nenhum,
3996,move,100,162,nenhum,
3998,move,99,162,nenhum,
4000,move,98,162,nenhum,
4002,move,97,162,nenhum,
4003,move,96,162,nenhum,
4006,move,95,162,nenhum,
4009,move,94,162,nenhum,
4013,move,93,162,nenhum,
4016,move,92,162,nenhum,
4026,move,91,162,nenhum,
4038,move,90,162,nenhum,
4046,move,89,162,nenhum,
4048,move,88,162,nenhum,
4053,move,87,162,nenhum,
4058,move,86,162,nenhum,
4061,move,85,162,nenhum,
4065,move,84,162,nenhum,
4066,move,83,162,nenhum,
4069,move,82,162,nenhum,
4072,move,81,162,nenhum,
4075,move,80,162,nenhum,
4077,move,79,162,nenhum,
4080,move,78,162,nenhum,
4084,move,77,162,nenhum,
4087,move,76,162,nenhum,
4091,move,75,162,nenhum,
4094,move,74,162,nenhum,
4096,move,74,161,nenhum,
4098,move,73,161,nenhum,
4102,move,72,161,nenhum,
4105,move,71,161,nenhum,
4110,move,70,161,nenhum,
4114,move,69,161,nenhum,
4118,move,68,161,nenhum,
4121,move,67,160,nenhum,
4129,move,66,160,nenhum,
4219,move,65,160,nenhum,
4231,move,64,160,nenhum,
4237,move,63,160,nenhum,
4283,move,62,160,nenhum,
4320,move,61,160,nenhum,
4346,move,60,160,nenhum,
4367,move,59,160,nenhum,
4667,move,59,159,nenhum,
4755,move,60,159,nenhum,
4759,move,60,158,nenhum,
4764,move,60,157,nenhum,
4766,move,61,157,nenhum,
4772,move,61,156,nenhum,
4776,move,62,156,nenhum,
4781,move,62,155,nenhum,
4787,move,63,155,nenhum,
4791,move,63,154,nenhum,
4794,move,64,154,nenhum,
4796,move,64,153,nenhum,
4812,move,65,153,nenhum,
4813,move,65,152,nenhum,
4826,move,65,151,nenhum,
4828,move,66,151,nenhum,
4834,move,66,150,nenhum,
4837,move,66,149,nenhum,
4843,move,66,148,nenhum,
4844,move,67,148,nenhum,
4849,move,67,147,nenhum,
4851,move,68,147,nenhum,
4854,move,68,146,nenhum,
4858,move,68,145,nenhum,
4864,move,68,144,nenhum,
4874,move,68,143,nenhum,
4883,move,69,143,nenhum,
4910,move,69,142,nenhum,
4935,move,69,141,nenhum,
4945,move,69,140,nenhum,
4947,move,70,140,nenhum,
4953,move,70,139,nenhum,
4960,move,70,138,nenhum,
4964,move,70,137,nenhum,
4973,move,71,137,nenhum,
4977,move,71,136,nenhum,
4998,click,71,136,linha,P1=(7.46) P2=(82.152)
5019,move,72,136,nenhum,
5051,move,72,135,nenhum,
5052,move,73,135,nenhum,
5297,move,74,135,nenhum,
5300,move,75,135,nenhum,
5302,move,76,135,nenhum,
5304,move,77,135,nenhum,
5308,move,78,135,nenhum,
5309,move,79,135,nenhum,
5309,move,80,135,nenhum,
5310,move,81,135,nenhum,
5312,move,83,135,nenhum,
5313,move,84,135,nenhum,
5315,move,86,135,nenhum,
5316,move,87,135,nenhum,
5318,move,90,135,nenhum,
5319,move,91,135,nenhum,
5319,move,92,134,nenhum,
5320,move,94,134,nenhum,
5321,move,96,134,nenhum,
5322,move,97,133,nenhum,
5324,move,99,133,nenhum,
5325,move,100,133,nenhum,
5325,move,101,133,nenhum,
5326,move,103,133,nenhum,
5327,move,105,133,nenhum,
5328,move,107,132,nenhum,
5329,move,109,132,nenhum,
5330,move,112,131,nenhum,
5331,move,114,131,nenhum,
5332,move,115,131,nenhum,
5334,move,117,130,nenhum,
5335,move,119,130,nenhum,
5336,move,122,130,nenhum,
5337,move,125,129,nenhum,
5338,move,126,129,nenhum,
5339,move,128,128,nenhum,
5341,move,130,128,nenhum,
5341,move,132,128,nenhum,
5342,move,135,128,nenhum,
5343,move,138,127,nenhum,
5344,move,140,126,nenhum,
5345,move,142,126,nenhum,
5346,move,144,125,nenhum,
5347,move,146,125,nenhum,
5348,move,148,125,nenhum,
5349,move,151,124,nenhum,
5350,move,152,124,nenhum,
5351,move,154,123,nenhum,
5352,move,156,123,nenhum,
5353,move,159,122,nenhum,
5354,move,162,122,nenhum,
5355,move,165,121,nenhum,
5356,move,168,120,nenhum,
5357,move,170,119,nenhum,
5358,move,172,119,nenhum,
5359,move,175,119,nenhum,
5359,move,176,119,nenhum,
5361,move,179,118,nenhum,
5362,move,181,117,nenhum,
5363,move,184,117,nenhum,
5364,move,186,116,nenhum,
5365,move,188,116,nenhum,
5366,move,190,115,nenhum,
5367,move,193,114,nenhum,
5368,move,196,113,nenhum,
5369,move,200,113,nenhum,
5370,move,202,113,nenhum,
5371,move,204,112,nenhum,
5372,move,206,112,nenhum,
5373,move,209,111,nenhum,
5374,move,211,110,nenhum,
5375,move,212,110,nenhum,
5376,move,214,110,nenhum,
5377,move,216,110,nenhum,
5378,move,218,109,nenhum,
5379,move,220,109,nenhum,
5380,move,225,108,nenhum,
5381,move,226,108,nenhum,
5382,move,228,107,nenhum,
5383,move,230,107,nenhum,
5384,move,231,107,nenhum,
5385,move,234,107,nenhum,
5386,move,235,107,nenhum,
5387,move,237,107,nenhum,
5389,move,238,106,nenhum,
5391,move,240,106,nenhum,
5392,move,241,105,nenhum,
5392,move,242,105,nenhum,
5393,move,244,105,nenhum,
5394,move,245,105,nenhum,
5395,move,246,105,nenhum,
5396,move,248,105,nenhum,
5397,move,249,105,nenhum,
5399,move,251,104,nenhum,
5401,move,252,104,nenhum,
5403,move,254,104,nenhum,
5405,move,255,103,nenhum,
5408,move,256,103,nenhum,
5410,move,258,103,nenhum,
5413,move,259,103,nenhum,
5415,move,260,103,nenhum,
5416,move,261,103,nenhum,
5419,move,262,103,nenhum,
5420,move,263,103,nenhum,
5425,move,264,103,nenhum,
5425,move,265,103,nenhum,
5426,move,266,103,nenhum,
5429,move,267,103,nenhum,
5432,move,268,103,nenhum,
5436,move,269,103,nenhum,
5437,move,270,103,nenhum,
5441,move,271,103,nenhum,
5444,move,272,103,nenhum,
5448,move,273,103,nenhum,
5449,move,274,103,nenhum,
5454,move,275,103,nenhum,
5461,move,276,103,nenhum,
5467,move,277,103,nenhum,
5471,move,278,104,nenhum,
5480,move,279,104,nenhum,
5495,move,280,104,nenhum,
5513,move,281,104,nenhum,
5519,move,282,104,nenhum,
5529,move,283,104,nenhum,
5535,move,284,104,nenhum,
5542,move,285,104,nenhum,
5543,move,286,104,nenhum,
5546,move,287,104,nenhum,
5551,move,288,104,nenhum,
5555,move,289,104,nenhum,
5559,move,290,104,nenhum,
5562,move,290,103,nenhum,
5568,move,291,103,nenhum,
5579,move,292,103,nenhum,
5602,move,292,102,nenhum,
5603,move,293,102,nenhum,
5616,move,294,102,nenhum,
5640,move,295,102,nenhum,
5645,move,295,101,nenhum,
5660,move,296,101,nenhum,
5673,move,296,100,nenhum,
5677,move,297,100,nenhum,
5695,move,298,100,nenhum,
5695,move,298,99,nenhum,
5702,move,299,99,nenhum,
5725,move,299,98,nenhum,
5755,click,299,98,ponto,ID=0x12bb5b13a90
5866,move,299,97,nenhum,
5874,move,299,96,nenhum,
5877,move,299,95,nenhum,
5884,move,299,94,nenhum,
5892,move,299,93,nenhum,
5893,move,298,93,nenhum,
5899,move,298,92,nenhum,
5902,move,298,91,nenhum,
5911,move,298,90,nenhum,
6094,move,298,89,nenhum,
6117,move,297,89,nenhum,
6185,move,297,90,nenhum,
6188,move,298,90,nenhum,
6191,move,299,91,nenhum,
6193,move,299,92,nenhum,
6195,move,300,92,nenhum,
6197,move,300,93,nenhum,
6199,move,301,94,nenhum,
6202,move,302,95,nenhum,
6203,move,302,96,nenhum,
6204,move,303,96,nenhum,
6205,move,303,97,nenhum,
6206,move,304,97,nenhum,
6208,move,304,98,nenhum,
6209,move,305,99,nenhum,
6210,move,305,100,nenhum,
6212,move,306,101,nenhum,
6213,move,307,101,nenhum,
6214,move,307,102,nenhum,
6215,move,307,103,nenhum,
6216,move,308,104,nenhum,
6218,move,308,105,nenhum,
6219,move,309,105,nenhum,
6220,move,309,106,nenhum,
6221,move,310,107,nenhum,
6222,move,311,108,nenhum,
6224,move,312,110,nenhum,
6226,move,314,111,nenhum,
6227,move,314,112,nenhum,
6228,move,315,113,nenhum,
6229,move,316,115,nenhum,
6231,move,317,116,nenhum,
6232,move,317,117,nenhum,
6233,move,319,118,nenhum,
6234,move,319,119,nenhum,
6235,move,321,121,nenhum,
6237,move,321,122,nenhum,
6238,move,323,124,nenhum,
6239,move,323,125,nenhum,
6242,move,324,126,nenhum,
6242,move,325,128,nenhum,
6242,move,326,129,nenhum,
6243,move,328,131,nenhum,
6244,move,328,132,nenhum,
6245,move,330,133,nenhum,
6246,move,330,135,nenhum,
6247,move,332,136,nenhum,
6248,move,333,138,nenhum,
6249,move,334,139,nenhum,
6250,move,335,141,nenhum,
6251,move,336,143,nenhum,
6252,move,337,144,nenhum,
6253,move,338,145,nenhum,
6254,move,340,148,nenhum,
6255,move,341,150,nenhum,
6256,move,343,153,nenhum,
6258,move,344,155,nenhum,
6258,move,346,157,nenhum,
6260,move,347,159,nenhum,
6261,move,349,161,nenhum,
6262,move,351,166,nenhum,
6263,move,353,168,nenhum,
6264,move,354,171,nenhum,
6265,move,356,173,nenhum,
6266,move,357,176,nenhum,
6267,move,358,177,nenhum,
6268,move,359,179,nenhum,
6269,move,360,182,nenhum,
6270,move,362,185,nenhum,
6270,move,363,187,nenhum,
6271,move,363,188,nenhum,
6272,move,365,190,nenhum,
6274,move,366,194,nenhum,
6274,move,367,196,nenhum,
6275,move,370,201,nenhum,
6276,move,371,203,nenhum,
6277,move,372,206,nenhum,
6278,move,374,209,nenhum,
6279,move,374,211,nenhum,
6280,move,375,213,nenhum,
6281,move,376,215,nenhum,
6282,move,376,217,nenhum,
6283,move,378,220,nenhum,
6284,move,379,222,nenhum,
6285,move,379,225,nenhum,
6286,move,380,227,nenhum,
6287,move,381,229,nenhum,
6288,move,382,232,nenhum,
6291,move,382,236,nenhum,
6291,move,383,238,nenhum,
6292,move,384,241,nenhum,
6293,move,384,243,nenhum,
6294,move,385,245,nenhum,
6296,move,385,248,nenhum,
6297,move,385,250,nenhum,
6298,move,385,252,nenhum,
6299,move,386,255,nenhum,
6300,move,386,257,nenhum,
6301,move,386,259,nenhum,
6302,move,386,261,nenhum,
6303,move,386,263,nenhum,
6304,move,386,265,nenhum,
6305,move,386,267,nenhum,
6306,move,387,269,nenhum,
6308,move,387,274,nenhum,
6308,move,387,275,nenhum,
6309,move,387,277,nenhum,
6310,move,387,279,nenhum,
6311,move,387,281,nenhum,
6312,move,387,283,nenhum,
6313,move,387,285,nenhum,
6314,move,387,287,nenhum,
6315,move,387,289,nenhum,
6316,move,386,292,nenhum,
6317,move,386,293,nenhum,
6318,move,386,295,nenhum,
6318,move,385,300,nenhum,
6319,move,384,302,nenhum,
6320,move,384,304,nenhum,
6321,move,383,306,nenhum,
6322,move,383,307,nenhum,
6324,move,382,310,nenhum,
6324,move,381,312,nenhum,
6325,move,381,313,nenhum,
6326,move,380,315,nenhum,
6327,move,379,318,nenhum,
6328,move,378,319,nenhum,
6329,move,378,321,nenhum,
6330,move,377,323,nenhum,
6331,move,376,324,nenhum,
6332,move,376,325,nenhum,
6333,move,374,327,nenhum,
6335,move,373,328,nenhum,
6336,move,373,329,nenhum,
6337,move,371,331,nenhum,
6338,move,371,332,nenhum,
6339,move,371,333,nenhum,
6341,move,370,334,nenhum,
6341,move,369,335,nenhum,
6342,move,368,336,nenhum,
6344,move,367,338,nenhum,
6345,move,366,338,nenhum,
6346,move,365,340,nenhum,
6347,move,364,340,nenhum,
6348,move,363,341,nenhum,
6349,move,363,342,nenhum,
6350,move,362,342,nenhum,
6351,move,361,343,nenhum,
6352,move,360,344,nenhum,
6354,move,358,345,nenhum,
6356,move,356,346,nenhum,
6358,move,355,347,nenhum,
6358,move,353,347,nenhum,
6359,move,353,348,nenhum,
6360,move,352,348,nenhum,
6361,move,351,348,nenhum,
6362,move,350,348,nenhum,
6363,move,349,349,nenhum,
6364,move,348,349,nenhum,
6365,move,347,349,nenhum,
6366,move,346,349,nenhum,
6367,move,345,350,nenhum,
6368,move,344,350,nenhum,
6369,move,344,351,nenhum,
6370,move,342,351,nenhum,
6372,move,341,351,nenhum,
6374,move,339,351,nenhum,
6375,move,338,351,nenhum,
6376,move,337,351,nenhum,
6377,move,336,351,nenhum,
6378,move,335,351,nenhum,
6379,move,334,351,nenhum,
6380,move,332,351,nenhum,
6381,move,331,351,nenhum,
6382,move,330,352,nenhum,
6383,move,329,352,nenhum,
6384,move,327,352,nenhum,
6386,move,325,352,nenhum,
6387,move,324,352,nenhum,
6388,move,323,353,nenhum,
6389,move,322,353,nenhum,
6390,move,321,353,nenhum,
6391,move,320,353,nenhum,
6392,move,318,353,nenhum,
6394,move,316,353,nenhum,
6395,move,315,353,nenhum,
6396,move,313,353,nenhum,
6398,move,312,353,nenhum,
6399,move,309,353,nenhum,
6400,move,308,353,nenhum,
6401,move,307,353,nenhum,
6402,move,306,353,nenhum,
6403,move,304,353,nenhum,
6404,move,303,353,nenhum,
6405,move,302,353,nenhum,
6406,move,300,353,nenhum,
6408,move,299,353,nenhum,
6408,move,298,353,nenhum,
6409,move,297,353,nenhum,
6410,move,296,353,nenhum,
6411,move,295,353,nenhum,
6412,move,293,352,nenhum,
6413,move,292,352,nenhum,
6414,move,291,352,nenhum,
6415,move,289,352,nenhum,
6416,move,287,352,nenhum,
6417,move,286,351,nenhum,
6418,move,285,350,nenhum,
6419,move,283,350,nenhum,
6420,move,282,350,nenhum,
6421,move,280,350,nenhum,
6422,move,278,349,nenhum,
6423,move,276,348,nenhum,
6424,move,275,348,nenhum,
6425,move,274,347,nenhum,
6426,move,273,347,nenhum,
6427,move,272,347,nenhum,
6428,move,270,346,nenhum,
6429,move,268,345,nenhum,
6430,move,267,345,nenhum,
6431,move,265,344,nenhum,
6432,move,262,342,nenhum,
6433,move,260,342,nenhum,
6434,move,258,341,nenhum,
6435,move,256,340,nenhum,
6436,move,254,340,nenhum,
6437,move,252,339,nenhum,
6438,move,251,338,nenhum,
6439,move,249,337,nenhum,
6441,move,247,336,nenhum,
6441,move,245,335,nenhum,
6442,move,243,335,nenhum,
6443,move,241,334,nenhum,
6444,move,240,333,nenhum,
6445,move,238,333,nenhum,
6446,move,237,331,nenhum,
6447,move,234,330,nenhum,
6448,move,233,330,nenhum,
6449,move,231,329,nenhum,
6450,move,229,328,nenhum,
6451,move,227,326,nenhum,
6452,move,226,325,nenhum,
6453,move,224,325,nenhum,
6454,move,222,323,nenhum,
6455,move,220,323,nenhum,
6456,move,218,322,nenhum,
6458,move,217,321,nenhum,
6458,move,215,320,nenhum,
6459,move,213,319,nenhum,
6460,move,212,318,nenhum,
6461,move,210,317,nenhum,
6462,move,209,316,nenhum,
6463,move,207,316,nenhum,
6464,move,206,315,nenhum,
6465,move,205,314,nenhum,
6466,move,204,314,nenhum,
6467,move,203,312,nenhum,
6468,move,202,312,nenhum,
6469,move,201,311,nenhum,
6470,move,200,310,nenhum,
6471,move,199,310,nenhum,
6472,move,199,309,nenhum,
6473,move,198,309,nenhum,
6474,move,197,308,nenhum,
6476,move,196,307,nenhum,
6477,move,196,306,nenhum,
6478,move,195,306,nenhum,
6479,move,195,305,nenhum,
6480,move,194,305,nenhum,
6481,move,194,304,nenhum,
6482,move,193,304,nenhum,
6483,move,193,303,nenhum,
6484,move,192,302,nenhum,
6486,move,192,301,nenhum,
6487,move,191,301,nenhum,
6488,move,191,300,nenhum,
6491,move,190,298,nenhum,
6493,move,190,297,nenhum,
6494,move,189,297,nenhum,
6497,move,189,296,nenhum,
6498,move,189,295,nenhum,
6498,move,189,294,nenhum,
6498,move,188,294,nenhum,
6499,move,188,293,nenhum,
6501,move,188,291,nenhum,
6503,move,188,290,nenhum,
6504,move,188,289,nenhum,
6506,move,188,288,nenhum,
6508,move,188,287,nenhum,
6508,move,188,286,nenhum,
6509,move,188,285,nenhum,
6511,move,188,284,nenhum,
6512,move,188,283,nenhum,
6513,move,188,282,nenhum,
6514,move,189,281,nenhum,
6516,move,190,279,nenhum,
6517,move,190,278,nenhum,
6518,move,190,277,nenhum,
6519,move,192,277,nenhum,
6520,move,192,276,nenhum,
6521,move,193,274,nenhum,
6523,move,194,272,nenhum,
6524,move,195,271,nenhum,
6525,move,196,270,nenhum,
6526,move,198,268,nenhum,
6527,move,198,267,nenhum,
6528,move,200,266,nenhum,
6528,move,200,265,nenhum,
6530,move,202,264,nenhum,
6531,move,202,262,nenhum,
6532,move,204,261,nenhum,
6533,move,205,259,nenhum,
6534,move,206,259,nenhum,
6535,move,206,258,nenhum,
6536,move,208,257,nenhum,
6537,move,209,256,nenhum,
6538,move,211,254,nenhum,
6539,move,211,253,nenhum,
6541,move,213,251,nenhum,
6541,move,215,249,nenhum,
6542,move,216,248,nenhum,
6543,move,218,246,nenhum,
6544,move,220,245,nenhum,
6544,move,222,243,nenhum,
6546,move,222,242,nenhum,
6547,move,224,240,nenhum,
6549,move,225,239,nenhum,
6549,move,227,237,nenhum,
6550,move,228,236,nenhum,
6551,move,230,233,nenhum,
6552,move,231,232,nenhum,
6553,move,233,231,nenhum,
6554,move,234,229,nenhum,
6555,move,236,228,nenhum,
6557,move,237,226,nenhum,
6557,move,238,224,nenhum,
6558,move,240,223,nenhum,
6559,move,242,220,nenhum,
6560,move,244,219,nenhum,
6561,move,244,218,nenhum,
6562,move,246,215,nenhum,
6563,move,247,214,nenhum,
6564,move,249,213,nenhum,
6565,move,250,211,nenhum,
6566,move,251,210,nenhum,
6567,move,253,208,nenhum,
6569,move,254,207,nenhum,
6570,move,256,205,nenhum,
6570,move,257,204,nenhum,
6572,move,259,203,nenhum,
6573,move,260,202,nenhum,
6574,move,261,200,nenhum,
6575,move,263,199,nenhum,
6575,move,264,198,nenhum,
6576,move,266,196,nenhum,
6578,move,267,196,nenhum,
6579,move,269,194,nenhum,
6579,move,271,193,nenhum,
6581,move,272,192,nenhum,
6581,move,273,190,nenhum,
6582,move,276,190,nenhum,
6583,move,276,189,nenhum,
6584,move,278,188,nenhum,
6586,move,280,187,nenhum,
6588,move,281,186,nenhum,
6589,move,282,185,nenhum,
6607,move,290,182,nenhum,
6607,move,291,181,nenhum,
6607,move,296,180,nenhum,
6607,move,300,178,nenhum,
6607,move,302,177,nenhum,
6607,move,303,177,nenhum,
6607,move,305,177,nenhum,
6607,move,308,175,nenhum,
6607,move,309,175,nenhum,
6608,move,311,175,nenhum,
6608,move,312,175,nenhum,
6609,move,315,174,nenhum,
6610,move,316,174,nenhum,
6610,move,318,173,nenhum,
6612,move,319,173,nenhum,
6614,move,320,173,nenhum,
6614,move,322,172,nenhum,
6615,move,324,172,nenhum,
6617,move,326,172,nenhum,
6617,move,327,172,nenhum,
6618,move,329,172,nenhum,
6619,move,331,172,nenhum,
6620,move,332,172,nenhum,
6622,move,334,171,nenhum,
6622,move,335,171,nenhum,
6624,move,337,171,nenhum,
6625,move,338,171,nenhum,
6625,move,339,171,nenhum,
6626,move,341,171,nenhum,
6628,move,342,171,nenhum,
6628,move,344,171,nenhum,
6629,move,346,171,nenhum,
6631,move,347,171,nenhum,
6632,move,350,171,nenhum,
6633,move,352,171,nenhum,
6634,move,353,171,nenhum,
6635,move,355,171,nenhum,
6636,move,356,171,nenhum,
6637,move,358,171,nenhum,
6638,move,360,171,nenhum,
6639,move,361,171,nenhum,
6642,move,364,171,nenhum,
6642,move,366,171,nenhum,
6643,move,367,171,nenhum,
6644,move,368,171,nenhum,
6645,move,371,172,nenhum,
6646,move,372,172,nenhum,
6647,move,374,173,nenhum,
6648,move,375,173,nenhum,
6649,move,376,173,nenhum,
6650,move,378,174,nenhum,
6651,move,379,174,nenhum,
6652,move,381,175,nenhum,
6653,move,382,176,nenhum,
6654,move,383,176,nenhum,
6655,move,385,176,nenhum,
6656,move,385,177,nenhum,
6657,move,386,177,nenhum,
6658,move,389,178,nenhum,
6659,move,390,178,nenhum,
6660,move,391,179,nenhum,
6661,move,393,180,nenhum,
6662,move,394,180,nenhum,
6663,move,397,181,nenhum,
6664,move,398,182,nenhum,
6665,move,399,182,nenhum,
6666,move,400,183,nenhum,
6667,move,402,184,nenhum,
6668,move,403,184,nenhum,
6669,move,404,186,nenhum,
6670,move,406,186,nenhum,
6671,move,406,187,nenhum,
6672,move,407,187,nenhum,
6673,move,408,188,nenhum,
6674,move,409,188,nenhum,
6675,move,410,189,nenhum,
6676,move,411,190,nenhum,
6677,move,412,191,nenhum,
6678,move,413,191,nenhum,
6679,move,414,192,nenhum,
6680,move,414,193,nenhum,
6681,move,416,193,nenhum,
6682,move,416,195,nenhum,
6683,move,417,195,nenhum,
6684,move,417,196,nenhum,
6685,move,418,196,nenhum,
6686,move,419,198,nenhum,
6687,move,420,198,nenhum,
6688,move,421,199,nenhum,
6689,move,421,200,nenhum,
6691,move,421,201,nenhum,
6691,move,422,202,nenhum,
6693,move,424,203,nenhum,
6694,move,424,204,nenhum,
6695,move,424,205,nenhum,
6696,move,425,206,nenhum,
6697,move,426,207,nenhum,
6698,move,426,208,nenhum,
6699,move,427,209,nenhum,
6700,move,428,211,nenhum,
6701,move,429,211,nenhum,
6702,move,429,213,nenhum,
6703,move,430,214,nenhum,
6704,move,431,215,nenhum,
6705,move,432,217,nenhum,
6706,move,434,218,nenhum,
6708,move,434,220,nenhum,
6708,move,436,220,nenhum,
6709,move,436,222,nenhum,
6711,move,438,224,nenhum,
6712,move,438,225,nenhum,
6713,move,439,226,nenhum,
6714,move,440,228,nenhum,
6715,move,442,230,nenhum,
6716,move,443,231,nenhum,
6717,move,445,234,nenhum,
6718,move,445,235,nenhum,
6719,move,446,237,nenhum,
6720,move,448,239,nenhum,
6721,move,449,240,nenhum,
6722,move,450,241,nenhum,
6723,move,451,243,nenhum,
6724,move,453,244,nenhum,
6725,move,453,246,nenhum,
6726,move,454,247,nenhum,
6727,move,455,248,nenhum,
6728,move,457,250,nenhum,
6729,move,458,252,nenhum,
6730,move,460,253,nenhum,
6731,move,460,255,nenhum,
6732,move,461,256,nenhum,
6733,move,463,258,nenhum,
6734,move,464,259,nenhum,
6735,move,466,260,nenhum,
6736,move,467,262,nenhum,
6737,move,468,263,nenhum,
6738,move,468,264,nenhum,
6739,move,469,265,nenhum,
6741,move,470,266,nenhum,
6741,move,472,268,nenhum,
6742,move,473,269,nenhum,
6743,move,474,270,nenhum,
6744,move,476,271,nenhum,
6745,move,477,272,nenhum,
6746,move,479,274,nenhum,
6747,move,480,275,nenhum,
6748,move,481,276,nenhum,
6749,move,483,277,nenhum,
6749,move,484,278,nenhum,
6751,move,487,279,nenhum,
6752,move,489,281,nenhum,
6753,move,490,282,nenhum,
6754,move,492,282,nenhum,
6755,move,493,283,nenhum,
6756,move,495,284,nenhum,
6758,move,497,284,nenhum,
6758,move,499,285,nenhum,
6759,move,499,286,nenhum,
6760,move,501,286,nenhum,
6761,move,503,286,nenhum,
6762,move,505,287,nenhum,
6763,move,506,287,nenhum,
6764,move,507,287,nenhum,
6765,move,509,288,nenhum,
6767,move,511,288,nenhum,
6768,move,512,288,nenhum,
6769,move,514,288,nenhum,
6770,move,515,289,nenhum,
6771,move,517,289,nenhum,
6772,move,519,289,nenhum,
6773,move,522,289,nenhum,
6775,move,523,289,nenhum,
6776,move,525,289,nenhum,
6777,move,527,289,nenhum,
6778,move,528,289,nenhum,
6779,move,529,289,nenhum,
6780,move,532,289,nenhum,
6781,move,535,289,nenhum,
6782,move,536,289,nenhum,
6783,move,537,289,nenhum,
6784,move,539,289,nenhum,
6785,move,541,289,nenhum,
6786,move,542,289,nenhum,
6787,move,543,289,nenhum,
6788,move,544,289,nenhum,
6789,move,546,289,nenhum,
6791,move,547,289,nenhum,
6791,move,548,289,nenhum,
6792,move,550,289,nenhum,
6793,move,552,289,nenhum,
6794,move,553,289,nenhum,
6795,move,555,289,nenhum,
6796,move,556,289,nenhum,
6797,move,559,289,nenhum,
6798,move,560,289,nenhum,
6799,move,562,289,nenhum,
6800,move,563,289,nenhum,
6801,move,566,289,nenhum,
6802,move,567,288,nenhum,
6803,move,570,288,nenhum,
6805,move,572,288,nenhum,
6806,move,574,287,nenhum,
6808,move,576,287,nenhum,
6808,move,578,287,nenhum,
6809,move,579,287,nenhum,
6810,move,582,286,nenhum,
6811,move,583,286,nenhum,
6812,move,585,285,nenhum,
6813,move,586,285,nenhum,
6814,move,588,284,nenhum,
6815,move,591,284,nenhum,
6816,move,596,283,nenhum,
6817,move,597,282,nenhum,
6818,move,599,282,nenhum,
6819,move,601,281,nenhum,
6820,move,604,280,nenhum,
6821,move,606,280,nenhum,
6822,move,607,280,nenhum,
6823,move,609,279,nenhum,
6824,move,611,278,nenhum,
6825,move,613,278,nenhum,
6826,move,615,277,nenhum,
6827,move,617,276,nenhum,
6828,move,619,275,nenhum,
6829,move,620,275,nenhum,
6830,move,621,274,nenhum,
6831,move,624,273,nenhum,
6832,move,625,273,nenhum,
6833,move,626,271,nenhum,
6834,move,629,270,nenhum,
6835,move,629,269,nenhum,
6836,move,630,268,nenhum,
6837,move,632,267,nenhum,
6838,move,633,266,nenhum,
6839,move,635,266,nenhum,
6840,move,636,264,nenhum,
6841,move,637,264,nenhum,
6842,move,638,263,nenhum,
6843,move,639,262,nenhum,
6844,move,640,261,nenhum,
6845,move,641,260,nenhum,
6846,move,641,259,nenhum,
6847,move,643,259,nenhum,
6848,move,643,257,nenhum,
6849,move,645,256,nenhum,
6850,move,645,255,nenhum,
6851,move,646,255,nenhum,
6852,move,646,253,nenhum,
6853,move,647,252,nenhum,
6854,move,648,251,nenhum,
6855,move,648,250,nenhum,
6856,move,649,249,nenhum,
6858,move,650,248,nenhum,
6859,move,651,246,nenhum,
6860,move,651,245,nenhum,
6861,move,651,244,nenhum,
6863,move,652,242,nenhum,
6864,move,652,241,nenhum,
6865,move,653,240,nenhum,
6866,move,653,239,nenhum,
6867,move,653,238,nenhum,
6868,move,653,237,nenhum,
6869,move,654,236,nenhum,
6870,move,655,235,nenhum,
6871,move,655,234,nenhum,
6872,move,655,233,nenhum,
6873,move,655,232,nenhum,
6874,move,655,231,nenhum,
6875,move,655,230,nenhum,
6876,move,656,229,nenhum,
6877,move,656,228,nenhum,
6878,move,656,227,nenhum,
6879,move,656,226,nenhum,
6880,move,657,226,nenhum,
6881,move,657,224,nenhum,
6883,move,657,223,nenhum,
6884,move,657,222,nenhum,
6885,move,657,221,nenhum,
6887,move,657,220,nenhum,
6889,move,657,219,nenhum,
6901,move,657,217,nenhum,
6901,move,658,216,nenhum,
6901,move,658,214,nenhum,
6901,move,658,213,nenhum,
6903,move,658,212,nenhum,
6905,move,658,211,nenhum,
6905,move,658,210,nenhum,
6908,move,658,209,nenhum,
6911,move,658,208,nenhum,
6911,move,658,207,nenhum,
6912,move,658,206,nenhum,
6915,move,658,205,nenhum,
6917,move,658,204,nenhum,
6918,move,658,203,nenhum,
6921,move,658,202,nenhum,
6923,move,658,201,nenhum,
6925,move,658,200,nenhum,
6927,move,658,199,nenhum,
6929,move,658,198,nenhum,
6932,move,658,197,nenhum,
6934,move,658,196,nenhum,
6935,move,658,195,nenhum,
6937,move,658,194,nenhum,
6940,move,658,193,nenhum,
6942,move,658,192,nenhum,
6944,move,658,191,nenhum,
6947,move,658,190,nenhum,
6949,move,658,189,nenhum,
6952,move,658,188,nenhum,
6954,move,658,187,nenhum,
6958,move,658,186,nenhum,
6963,move,658,185,nenhum,
6965,move,658,184,nenhum,
6965,move,657,184,nenhum,
6965,move,657,183,nenhum,
6968,move,657,182,nenhum,
6970,move,657,181,nenhum,
6971,move,657,180,nenhum,
6975,move,657,179,nenhum,
6978,move,657,178,nenhum,
6982,move,657,176,nenhum,
6982,move,657,175,nenhum,
6985,move,657,174,nenhum,
6988,move,657,173,nenhum,
6989,move,657,172,nenhum,
6990,move,657,171,nenhum,
6993,move,657,170,nenhum,
6995,move,658,169,nenhum,
6995,move,658,168,nenhum,
6997,move,658,167,nenhum,
6999,move,658,166,nenhum,
7001,move,658,165,nenhum,
7002,move,659,164,nenhum,
7005,move,659,163,nenhum,
7008,move,659,162,nenhum,
7009,move,660,161,nenhum,
7010,move,660,160,nenhum,
7012,move,661,159,nenhum,
7016,move,661,158,nenhum,
7018,move,661,157,nenhum,
7020,move,661,156,nenhum,
7023,move,661,155,nenhum,
7027,move,661,154,nenhum,
7031,move,661,153,nenhum,
7036,move,661,152,nenhum,
7037,move,661,151,nenhum,
7043,move,661,150,nenhum,
7046,move,661,149,nenhum,
7051,move,661,148,nenhum,
7052,move,661,147,nenhum,
7058,move,661,146,nenhum,
7059,move,660,146,nenhum,
7060,move,660,145,nenhum,
7065,move,659,144,nenhum,
7067,move,659,143,nenhum,
7070,move,658,142,nenhum,
7074,move,657,142,nenhum,
7075,move,657,141,nenhum,
7075,move,656,141,nenhum,
7078,move,656,140,nenhum,
7079,move,655,140,nenhum,
7080,move,655,139,nenhum,
7082,move,654,139,nenhum,
7086,move,653,138,nenhum,
7089,move,652,138,nenhum,
7095,move,651,138,nenhum,
7096,move,651,137,nenhum,
7098,move,650,137,nenhum,
7101,move,649,137,nenhum,
7103,move,648,137,nenhum,
7106,move,647,137,nenhum,
7109,move,646,137,nenhum,
7111,move,646,136,nenhum,
7113,move,645,136,nenhum,
7116,move,644,136,nenhum,
7120,move,643,136,nenhum,
7126,move,642,136,nenhum,
7131,move,641,136,nenhum,
7131,move,640,136,nenhum,
7132,move,639,136,nenhum,
7136,move,638,136,nenhum,
7139,move,637,136,nenhum,
7141,move,636,136,nenhum,
7144,move,635,136,nenhum,
7146,move,634,136,nenhum,
7148,move,634,135,nenhum,
7149,move,633,135,nenhum,
7151,move,632,135,nenhum,
7152,move,631,135,nenhum,
7154,move,630,135,nenhum,
7155,move,630,134,nenhum,
7156,move,629,134,nenhum,
7158,move,627,134,nenhum,
7159,move,626,134,nenhum,
7160,move,625,134,nenhum,
7161,move,624,134,nenhum,
7163,move,623,134,nenhum,
7164,move,622,134,nenhum,
7165,move,621,134,nenhum,
7167,move,620,134,nenhum,
7168,move,618,134,nenhum,
7169,move,618,133,nenhum,
7170,move,617,133,nenhum,
7171,move,615,133,nenhum,
7174,move,614,133,nenhum,
7175,move,612,133,nenhum,
7176,move,610,133,nenhum,
7177,move,609,133,nenhum,
7178,move,608,133,nenhum,
7179,move,607,133,nenhum,
7180,move,606,132,nenhum,
7181,move,605,132,nenhum,
7182,move,604,132,nenhum,
7183,move,602,131,nenhum,
7184,move,600,131,nenhum,
7185,move,599,131,nenhum,
7186,move,598,131,nenhum,
7187,move,596,131,nenhum,
7188,move,595,131,nenhum,
7189,move,594,131,nenhum,
7190,move,592,131,nenhum,
7191,move,590,131,nenhum,
7192,move,589,131,nenhum,
7193,move,588,130,nenhum,
7194,move,586,130,nenhum,
7195,move,585,130,nenhum,
7196,move,584,130,nenhum,
7197,move,582,130,nenhum,
7198,move,581,130,nenhum,
7200,move,579,130,nenhum,
7201,move,578,129,nenhum,
7202,move,577,129,nenhum,
7203,move,576,129,nenhum,
7205,move,575,129,nenhum,
7206,move,574,129,nenhum,
7208,move,573,129,nenhum,
7208,move,572,129,nenhum,
7209,move,571,129,nenhum,
7210,move,569,129,nenhum,
7211,move,568,129,nenhum,
7213,move,566,129,nenhum,
7214,move,566,128,nenhum,
7215,move,565,128,nenhum,
7216,move,564,128,nenhum,
7217,move,563,128,nenhum,
7218,move,562,128,nenhum,
7220,move,560,128,nenhum,
7222,move,559,128,nenhum,
7223,move,558,128,nenhum,
7225,move,556,127,nenhum,
7227,move,554,127,nenhum,
7228,move,553,127,nenhum,
7229,move,552,127,nenhum,
7230,move,551,127,nenhum,
7231,move,550,127,nenhum,
7233,move,549,126,nenhum,
7234,move,548,126,nenhum,
7235,move,547,126,nenhum,
7237,move,545,126,nenhum,
7238,move,544,126,nenhum,
7239,move,543,126,nenhum,
7240,move,542,126,nenhum,
7241,move,541,126,nenhum,
7242,move,540,126,nenhum,
7243,move,539,125,nenhum,
7244,move,538,125,nenhum,
7245,move,537,125,nenhum,
7246,move,536,125,nenhum,
7247,move,535,125,nenhum,
7248,move,534,125,nenhum,
7249,move,533,125,nenhum,
7250,move,532,125,nenhum,
7251,move,531,125,nenhum,
7252,move,530,125,nenhum,
7253,move,529,125,nenhum,
7254,move,527,125,nenhum,
7255,move,526,125,nenhum,
7256,move,525,124,nenhum,
7258,move,524,124,nenhum,
7258,move,523,124,nenhum,
7259,move,522,124,nenhum,
7260,move,521,124,nenhum,
7261,move,520,124,nenhum,
7262,move,519,124,nenhum,
7263,move,517,124,nenhum,
7264,move,516,124,nenhum,
7265,move,515,123,nenhum,
7266,move,513,123,nenhum,
7267,move,512,123,nenhum,
7268,move,511,123,nenhum,
7270,move,509,123,nenhum,
7271,move,508,123,nenhum,
7272,move,506,123,nenhum,
7273,move,505,123,nenhum,
7275,move,504,123,nenhum,
7275,move,502,123,nenhum,
7276,move,500,123,nenhum,
7277,move,499,123,nenhum,
7278,move,497,123,nenhum,
7279,move,496,123,nenhum,
7280,move,495,123,nenhum,
7281,move,493,123,nenhum,
7282,move,492,123,nenhum,
7283,move,490,123,nenhum,
7284,move,489,123,nenhum,
7285,move,487,123,nenhum,
7286,move,485,123,nenhum,
7287,move,483,123,nenhum,
7288,move,481,123,nenhum,
7289,move,479,123,nenhum,
7290,move,477,123,nenhum,
7291,move,476,123,nenhum,
7292,move,474,123,nenhum,
7293,move,472,123,nenhum,
7294,move,470,123,nenhum,
7295,move,468,123,nenhum,
7296,move,467,123,nenhum,
7297,move,465,123,nenhum,
7298,move,463,123,nenhum,
7299,move,461,123,nenhum,
7300,move,459,123,nenhum,
7301,move,457,123,nenhum,
7302,move,454,123,nenhum,
7303,move,453,123,nenhum,
7304,move,449,123,nenhum,
7305,move,447,123,nenhum,
7306,move,445,123,nenhum,
7307,move,442,123,nenhum,
7308,move,440,123,nenhum,
7309,move,438,123,nenhum,
7310,move,437,123,nenhum,
7310,move,436,123,nenhum,
7312,move,433,123,nenhum,
7313,move,431,123,nenhum,
7314,move,428,123,nenhum,
7315,move,426,123,nenhum,
7315,move,423,123,nenhum,
7318,move,421,123,nenhum,
7319,move,418,123,nenhum,
7319,move,416,123,nenhum,
7320,move,414,123,nenhum,
7321,move,410,123,nenhum,
7324,move,408,124,nenhum,
7324,move,405,124,nenhum,
7326,move,403,124,nenhum,
7326,move,401,124,nenhum,
7327,move,397,124,nenhum,
7328,move,396,124,nenhum,
7330,move,394,124,nenhum,
7330,move,392,124,nenhum,
7331,move,390,124,nenhum,
7333,move,387,124,nenhum,
7333,move,385,124,nenhum,
7335,move,384,124,nenhum,
7336,move,382,124,nenhum,
7337,move,380,124,nenhum,
7338,move,378,124,nenhum,
7339,move,376,124,nenhum,
7341,move,373,124,nenhum,
7341,move,371,124,nenhum,
7342,move,369,124,nenhum,
7343,move,367,124,nenhum,
7344,move,365,124,nenhum,
7345,move,363,124,nenhum,
7346,move,360,124,nenhum,
7347,move,358,124,nenhum,
7348,move,355,124,nenhum,
7349,move,353,124,nenhum,
7350,move,350,124,nenhum,
7351,move,348,124,nenhum,
7353,move,346,124,nenhum,
7354,move,343,124,nenhum,
7355,move,341,124,nenhum,
7356,move,338,124,nenhum,
7358,move,334,124,nenhum,
7358,move,332,124,nenhum,
7359,move,330,124,nenhum,
7360,move,328,124,nenhum,
7361,move,326,124,nenhum,
7362,move,324,124,nenhum,
7363,move,322,124,nenhum,
7364,move,320,124,nenhum,
7365,move,318,124,nenhum,
7366,move,316,124,nenhum,
7367,move,315,124,nenhum,
7368,move,312,124,nenhum,
7369,move,309,124,nenhum,
7370,move,307,124,nenhum,
7371,move,304,124,nenhum,
7372,move,303,124,nenhum,
7373,move,301,124,nenhum,
7374,move,299,124,nenhum,
7375,move,297,124,nenhum,
7376,move,296,124,nenhum,
7377,move,293,124,nenhum,
7378,move,291,124,nenhum,
7379,move,290,124,nenhum,
7380,move,288,124,nenhum,
7381,move,285,124,nenhum,
7382,move,284,124,nenhum,
7383,move,281,124,nenhum,
7384,move,280,124,nenhum,
7385,move,278,124,nenhum,
7386,move,276,124,nenhum,
7387,move,274,124,nenhum,
7388,move,272,124,nenhum,
7389,move,270,124,nenhum,
7390,move,268,124,nenhum,
7391,move,267,124,nenhum,
7392,move,265,124,nenhum,
7393,move,264,124,nenhum,
7394,move,261,124,nenhum,
7395,move,261,123,nenhum,
7396,move,259,123,nenhum,
7397,move,258,123,nenhum,
7398,move,256,123,nenhum,
7399,move,255,123,nenhum,
7400,move,254,123,nenhum,
7401,move,252,123,nenhum,
7402,move,250,123,nenhum,
7403,move,249,123,nenhum,
7404,move,248,123,nenhum,
7405,move,247,123,nenhum,
7406,move,245,123,nenhum,
7408,move,243,123,nenhum,
7409,move,242,123,nenhum,
7411,move,240,123,nenhum,
7413,move,239,123,nenhum,
7414,move,238,123,nenhum,
7415,move,237,123,nenhum,
7417,move,236,123,nenhum,
7418,move,235,123,nenhum,
7420,move,234,123,nenhum,
7421,move,233,123,nenhum,
7425,move,232,123,nenhum,
7427,move,231,123,nenhum,
7431,move,230,122,nenhum,
7436,move,229,122,nenhum,
7447,move,229,121,nenhum,
7450,move,228,121,nenhum,
7451,move,228,120,nenhum,
7458,move,228,119,nenhum,
7459,move,227,119,nenhum,
7462,move,227,118,nenhum,
7466,move,226,118,nenhum,
7468,move,225,117,nenhum,
7470,move,225,116,nenhum,
7475,move,224,116,nenhum,
7478,move,223,115,nenhum,
7487,move,222,114,nenhum,
7487,move,221,114,nenhum,
7487,move,220,114,nenhum,
7487,move,220,113,nenhum,
7487,move,219,113,nenhum,
7487,move,219,112,nenhum,
7489,move,218,112,nenhum,
7489,move,217,112,nenhum,
7493,move,216,112,nenhum,
7494,move,215,111,nenhum,
7494,move,214,111,nenhum,
7495,move,213,111,nenhum,
7495,move,212,110,nenhum,
7497,move,211,110,nenhum,
7499,move,209,109,nenhum,
7501,move,208,109,nenhum,
7502,move,207,109,nenhum,
7503,move,206,109,nenhum,
7506,move,205,108,nenhum,
7509,move,204,108,nenhum,
7509,move,203,108,nenhum,
7509,move,202,108,nenhum,
7511,move,201,108,nenhum,
7512,move,201,107,nenhum,
7513,move,199,107,nenhum,
7515,move,198,107,nenhum,
7516,move,197,107,nenhum,
7517,move,196,107,nenhum,
7519,move,195,107,nenhum,
7520,move,194,106,nenhum,
7521,move,193,106,nenhum,
7522,move,192,105,nenhum,
7524,move,191,105,nenhum,
7526,move,190,105,nenhum,
7527,move,189,105,nenhum,
7528,move,188,105,nenhum,
7530,move,187,104,nenhum,
7531,move,186,104,nenhum,
7532,move,185,104,nenhum,
7533,move,184,104,nenhum,
7534,move,183,104,nenhum,
7536,move,182,103,nenhum,
7537,move,181,103,nenhum,
7538,move,180,103,nenhum,
7541,move,179,102,nenhum,
7542,move,178,102,nenhum,
7543,move,177,102,nenhum,
7544,move,176,102,nenhum,
7545,move,175,102,nenhum,
7547,move,173,101,nenhum,
7549,move,172,101,nenhum,
7551,move,170,101,nenhum,
7551,move,170,100,nenhum,
7552,move,169,100,nenhum,
7553,move,168,100,nenhum,
7556,move,166,99,nenhum,
7558,move,165,99,nenhum,
7558,move,164,99,nenhum,
7559,move,163,99,nenhum,
7560,move,162,99,nenhum,
7562,move,160,98,nenhum,
7563,move,159,98,nenhum,
7564,move,158,98,nenhum,
7565,move,157,98,nenhum,
7567,move,155,98,nenhum,
7568,move,155,97,nenhum,
7569,move,154,97,nenhum,
7570,move,153,97,nenhum,
7571,move,153,96,nenhum,
7572,move,151,96,nenhum,
7575,move,150,96,nenhum,
7576,move,149,96,nenhum,
7577,move,148,96,nenhum,
7579,move,147,96,nenhum,
7580,move,147,95,nenhum,
7581,move,146,95,nenhum,
7582,move,145,95,nenhum,
7583,move,144,95,nenhum,
7585,move,143,95,nenhum,
7587,move,142,95,nenhum,
7588,move,142,94,nenhum,
7589,move,141,94,nenhum,
7591,move,140,94,nenhum,
7593,move,139,94,nenhum,
7597,move,138,94,nenhum,
7603,move,138,93,nenhum,
7603,move,137,93,nenhum,
7604,move,136,93,nenhum,
7611,move,135,93,nenhum,
7615,move,134,93,nenhum,
7617,move,134,92,nenhum,
7620,move,134,91,nenhum,
7621,move,133,91,nenhum,
7625,move,132,91,nenhum,
7631,move,131,91,nenhum,
7631,move,131,90,nenhum,
7634,move,130,90,nenhum,
7639,move,130,89,nenhum,
7641,move,129,89,nenhum,
7645,move,128,89,nenhum,
7648,move,128,88,nenhum,
7650,move,127,88,nenhum,
7652,move,126,88,nenhum,
7656,move,126,87,nenhum,
7660,move,124,87,nenhum,
7664,move,123,87,nenhum,
7668,move,122,87,nenhum,
7671,move,121,87,nenhum,
7673,move,120,87,nenhum,
7677,move,119,87,nenhum,
7681,move,118,87,nenhum,
7684,move,117,87,nenhum,
7691,move,116,87,nenhum,
7694,move,115,87,nenhum,
7708,move,114,87,nenhum,
7711,move,114,88,nenhum,
7715,move,113,88,nenhum,
7716,move,113,89,nenhum,
7719,move,112,89,nenhum,
7720,move,111,90,nenhum,
7728,move,110,91,nenhum,
7728,move,110,92,nenhum,
7730,move,109,92,nenhum,
7730,move,109,93,nenhum,
7731,move,108,94,nenhum,
7732,move,107,94,nenhum,
7734,move,107,95,nenhum,
7736,move,106,95,nenhum,
7737,move,106,96,nenhum,
7738,move,105,97,nenhum,
7740,move,104,98,nenhum,
7743,move,103,98,nenhum,
7744,move,102,100,nenhum,
7745,move,101,101,nenhum,
7746,move,100,101,nenhum,
7746,move,99,102,nenhum,
7748,move,98,103,nenhum,
7749,move,97,104,nenhum,
7750,move,96,105,nenhum,
7751,move,96,106,nenhum,
7752,move,95,106,nenhum,
7753,move,94,107,nenhum,
7755,move,93,108,nenhum,
7761,move,91,110,nenhum,
7761,move,90,111,nenhum,
7761,move,89,112,nenhum,
7763,move,88,113,nenhum,
7763,move,87,114,nenhum,
7764,move,86,115,nenhum,
7765,move,86,116,nenhum,
7766,move,85,117,nenhum,
7767,move,84,118,nenhum,
7768,move,83,118,nenhum,
7769,move,82,120,nenhum,
7771,move,81,121,nenhum,
7774,move,80,122,nenhum,
7778,move,78,124,nenhum,
7779,move,77,125,nenhum,
7779,move,76,126,nenhum,
7779,move,75,128,nenhum,
7780,move,74,128,nenhum,
7781,move,73,129,nenhum,
7783,move,72,131,nenhum,
7784,move,71,132,nenhum,
7786,move,70,133,nenhum,
7788,move,68,134,nenhum,
7789,move,68,135,nenhum,
7790,move,67,136,nenhum,
7796,move,65,138,nenhum,
7796,move,65,139,nenhum,
7796,move,63,141,nenhum,
7796,move,62,141,nenhum,
7796,move,62,142,nenhum,
7797,move,61,143,nenhum,
7798,move,60,145,nenhum,
7800,move,59,146,nenhum,
7802,move,58,148,nenhum,
7804,move,57,149,nenhum,
7805,move,57,150,nenhum,
7807,move,56,151,nenhum,
7812,move,55,153,nenhum,
7812,move,55,154,nenhum,
7812,move,54,154,nenhum,
7812,move,54,156,nenhum,
7813,move,54,157,nenhum,
7813,move,53,158,nenhum,
7814,move,53,159,nenhum,
7815,move,52,160,nenhum,
7816,move,52,161,nenhum,
7817,move,52,162,nenhum,
7818,move,52,163,nenhum,
7819,move,51,164,nenhum,
7820,move,51,165,nenhum,
7822,move,51,166,nenhum,
7823,move,50,167,nenhum,
7824,move,50,169,nenhum,
7825,move,50,170,nenhum,
7826,move,50,171,nenhum,
7827,move,50,172,nenhum,
7828,move,50,173,nenhum,
7829,move,50,174,nenhum,
7830,move,49,174,nenhum,
7831,move,49,176,nenhum,
7832,move,49,177,nenhum,
7833,move,49,178,nenhum,
7834,move,49,179,nenhum,
7835,move,49,180,nenhum,
7836,move,49,181,nenhum,
7837,move,49,182,nenhum,
7839,move,48,184,nenhum,
7841,move,48,185,nenhum,
7842,move,48,187,nenhum,
7843,move,47,188,nenhum,
7843,move,47,189,nenhum,
7844,move,47,190,nenhum,
7846,move,47,192,nenhum,
7848,move,47,193,nenhum,
7849,move,47,195,nenhum,
7850,move,47,196,nenhum,
7851,move,47,197,nenhum,
7852,move,47,198,nenhum,
7855,move,47,200,nenhum,
7858,move,46,202,nenhum,
7859,move,46,203,nenhum,
7859,move,46,205,nenhum,
7861,move,46,206,nenhum,
7862,move,46,207,nenhum,
7864,move,46,208,nenhum,
7865,move,46,210,nenhum,
7867,move,46,211,nenhum,
7868,move,46,212,nenhum,
7869,move,46,213,nenhum,
7870,move,46,214,nenhum,
7872,move,46,215,nenhum,
7873,move,46,217,nenhum,
7875,move,45,219,nenhum,
7877,move,45,220,nenhum,
7878,move,45,221,nenhum,
7879,move,45,222,nenhum,
7880,move,45,223,nenhum,
7881,move,45,224,nenhum,
7883,move,45,225,nenhum,
7884,move,45,226,nenhum,
7885,move,45,227,nenhum,
7887,move,45,229,nenhum,
7888,move,45,230,nenhum,
7890,move,45,231,nenhum,
7891,move,45,232,nenhum,
7892,move,45,233,nenhum,
7893,move,45,234,nenhum,
7894,move,45,235,nenhum,
7895,move,45,236,nenhum,
7897,move,45,237,nenhum,
7898,move,45,238,nenhum,
7899,move,45,239,nenhum,
7900,move,45,240,nenhum,
7902,move,45,242,nenhum,
7904,move,45,243,nenhum,
7905,move,45,244,nenhum,
7906,move,45,245,nenhum,
7908,move,45,246,nenhum,
7908,move,45,247,nenhum,
7909,move,45,248,nenhum,
7911,move,45,249,nenhum,
7912,move,45,250,nenhum,
7913,move,46,250,nenhum,
7914,move,46,252,nenhum,
7915,move,46,253,nenhum,
7916,move,46,254,nenhum,
7917,move,46,255,nenhum,
7918,move,47,255,nenhum,
7919,move,47,256,nenhum,
7920,move,47,257,nenhum,
7921,move,47,258,nenhum,
7923,move,47,259,nenhum,
7925,move,48,261,nenhum,
7926,move,49,263,nenhum,
7929,move,49,264,nenhum,
7930,move,49,265,nenhum,
7930,move,49,266,nenhum,
7931,move,50,267,nenhum,
7932,move,50,268,nenhum,
7934,move,50,270,nenhum,
7935,move,50,271,nenhum,
7936,move,50,272,nenhum,
7937,move,51,273,nenhum,
7938,move,51,274,nenhum,
7940,move,52,275,nenhum,
7941,move,52,276,nenhum,
7943,move,52,278,nenhum,
7943,move,53,279,nenhum,
7945,move,53,280,nenhum,
7946,move,53,281,nenhum,
7948,move,53,282,nenhum,
7949,move,54,283,nenhum,
7950,move,54,284,nenhum,
7951,move,55,285,nenhum,
7952,move,55,286,nenhum,
7953,move,55,287,nenhum,
7954,move,55,288,nenhum,
7955,move,55,289,nenhum,
7956,move,56,290,nenhum,
7958,move,56,291,nenhum,
7958,move,56,292,nenhum,
7959,move,57,294,nenhum,
7961,move,57,296,nenhum,
7962,move,57,297,nenhum,
7963,move,57,298,nenhum,
7964,move,57,299,nenhum,
7965,move,58,300,nenhum,
7966,move,58,301,nenhum,
7967,move,58,302,nenhum,
7968,move,58,304,nenhum,
7969,move,58,305,nenhum,
7970,move,59,306,nenhum,
7971,move,59,308,nenhum,
7972,move,60,309,nenhum,
7974,move,60,310,nenhum,
7975,move,60,311,nenhum,
7976,move,60,312,nenhum,
7976,move,60,313,nenhum,
7977,move,60,315,nenhum,
7978,move,61,316,nenhum,
7980,move,61,317,nenhum,
7981,move,61,319,nenhum,
7982,move,62,320,nenhum,
7983,move,62,321,nenhum,
7984,move,62,323,nenhum,
7985,move,62,324,nenhum,
7986,move,62,325,nenhum,
7987,move,63,327,nenhum,
7988,move,64,329,nenhum,
7990,move,64,331,nenhum,
7991,move,64,332,nenhum,
7993,move,64,334,nenhum,
7994,move,65,336,nenhum,
7995,move,65,337,nenhum,
7996,move,66,338,nenhum,
7997,move,66,340,nenhum,
7998,move,67,342,nenhum,
7999,move,67,343,nenhum,
8000,move,67,344,nenhum,
8001,move,67,346,nenhum,
8002,move,68,347,nenhum,
8003,move,68,348,nenhum,
8004,move,69,350,nenhum,
8005,move,69,351,nenhum,
8006,move,69,352,nenhum,
8008,move,69,354,nenhum,
8008,move,70,355,nenhum,
8009,move,70,356,nenhum,
8009,move,71,358,nenhum,
8010,move,71,360,nenhum,
8012,move,71,362,nenhum,
8013,move,72,364,nenhum,
8014,move,73,365,nenhum,
8015,move,73,366,nenhum,
8016,move,73,367,nenhum,
8017,move,73,368,nenhum,
8018,move,73,369,nenhum,
8019,move,74,371,nenhum,
8020,move,75,372,nenhum,
8021,move,75,374,nenhum,
8022,move,75,375,nenhum,
8024,move,76,378,nenhum,
8025,move,77,379,nenhum,
8026,move,77,381,nenhum,
8027,move,77,382,nenhum,
8028,move,78,383,nenhum,
8029,move,79,386,nenhum,
8030,move,79,387,nenhum,
8031,move,80,388,nenhum,
8032,move,80,390,nenhum,
8033,move,81,391,nenhum,
8034,move,81,392,nenhum,
8035,move,82,394,nenhum,
8036,move,82,396,nenhum,
8037,move,83,397,nenhum,
8038,move,84,398,nenhum,
8039,move,84,400,nenhum,
8041,move,85,402,nenhum,
8042,move,86,404,nenhum,
8043,move,86,405,nenhum,
8044,move,87,407,nenhum,
8045,move,88,408,nenhum,
8046,move,88,409,nenhum,
8047,move,89,411,nenhum,
8048,move,90,412,nenhum,
8049,move,90,413,nenhum,
8050,move,91,416,nenhum,
8051,move,91,417,nenhum,
8052,move,92,418,nenhum,
8053,move,93,420,nenhum,
8054,move,93,421,nenhum,
8055,move,95,423,nenhum,
8056,move,95,425,nenhum,
8057,move,96,426,nenhum,
8058,move,97,427,nenhum,
8059,move,97,428,nenhum,
8060,move,98,430,nenhum,
8061,move,100,431,nenhum,
8062,move,100,433,nenhum,
8063,move,101,434,nenhum,
8064,move,102,436,nenhum,
8065,move,102,437,nenhum,
8066,move,103,437,nenhum,
8067,move,103,439,nenhum,
8068,move,104,440,nenhum,
8069,move,105,441,nenhum,
8070,move,106,443,nenhum,
8072,move,107,445,nenhum,
8073,move,108,445,nenhum,
8074,move,109,448,nenhum,
8075,move,110,449,nenhum,
8077,move,111,451,nenhum,
8078,move,112,452,nenhum,
8079,move,112,454,nenhum,
8080,move,113,454,nenhum,
8081,move,113,456,nenhum,
8082,move,114,457,nenhum,
8083,move,116,458,nenhum,
8084,move,116,459,nenhum,
8085,move,117,461,nenhum,
8086,move,117,462,nenhum,
8087,move,118,464,nenhum,
8088,move,120,465,nenhum,
8089,move,121,466,nenhum,
8090,move,122,468,nenhum,
8091,move,123,469,nenhum,
8092,move,124,471,nenhum,
8093,move,124,472,nenhum,
8094,move,126,473,nenhum,
8095,move,127,475,nenhum,
8097,move,128,476,nenhum,
8099,move,130,478,nenhum,
8100,move,130,479,nenhum,
8101,move,132,481,nenhum,
8102,move,132,482,nenhum,
8103,move,134,483,nenhum,
8104,move,135,485,nenhum,
8105,move,137,486,nenhum,
8106,move,138,488,nenhum,
8107,move,139,489,nenhum,
8108,move,140,490,nenhum,
8109,move,141,491,nenhum,
8110,move,142,492,nenhum,
8111,move,143,494,nenhum,
8112,move,145,494,nenhum,
8113,move,145,496,nenhum,
8114,move,147,497,nenhum,
8115,move,148,499,nenhum,
8116,move,149,499,nenhum,
8117,move,150,500,nenhum,
8118,move,152,501,nenhum,
8119,move,153,503,nenhum,
8120,move,154,503,nenhum,
8121,move,155,505,nenhum,
8122,move,156,505,nenhum,
8123,move,158,507,nenhum,
8125,move,159,507,nenhum,
8125,move,161,509,nenhum,
8126,move,162,509,nenhum,
8127,move,163,511,nenhum,
8128,move,164,511,nenhum,
8129,move,165,512,nenhum,
8130,move,166,513,nenhum,
8131,move,167,514,nenhum,
8132,move,169,515,nenhum,
8133,move,170,516,nenhum,
8134,move,172,517,nenhum,
8135,move,173,517,nenhum,
8136,move,174,518,nenhum,
8137,move,176,519,nenhum,
8138,move,177,520,nenhum,
8139,move,178,521,nenhum,
8140,move,180,522,nenhum,
8141,move,181,523,nenhum,
8142,move,183,523,nenhum,
8143,move,185,524,nenhum,
8144,move,186,525,nenhum,
8145,move,187,525,nenhum,
8146,move,189,525,nenhum,
8147,move,190,526,nenhum,
8148,move,192,527,nenhum,
8149,move,195,528,nenhum,
8150,move,197,528,nenhum,
8151,move,199,529,nenhum,
8152,move,201,530,nenhum,
8152,move,202,531,nenhum,
8154,move,204,531,nenhum,
8155,move,206,531,nenhum,
8156,move,207,531,nenhum,
8158,move,209,531,nenhum,
8158,move,211,532,nenhum,
8160,move,213,533,nenhum,
8160,move,215,533,nenhum,
8162,move,218,534,nenhum,
8163,move,219,534,nenhum,
8164,move,221,534,nenhum,
8165,move,223,534,nenhum,
8166,move,226,534,nenhum,
8167,move,229,535,nenhum,
8168,move,233,535,nenhum,
8169,move,235,535,nenhum,
8170,move,237,536,nenhum,
8171,move,240,536,nenhum,
8172,move,242,536,nenhum,
8173,move,245,536,nenhum,
8174,move,246,536,nenhum,
8174,move,248,536,nenhum,
8175,move,250,536,nenhum,
8176,move,253,536,nenhum,
8177,move,258,536,nenhum,
8179,move,260,536,nenhum,
8180,move,262,536,nenhum,
8181,move,265,536,nenhum,
8182,move,268,536,nenhum,
8183,move,273,536,nenhum,
8184,move,276,536,nenhum,
8185,move,279,536,nenhum,
8186,move,282,536,nenhum,
8187,move,285,536,nenhum,
8188,move,286,536,nenhum,
8189,move,289,536,nenhum,
8190,move,292,536,nenhum,
8191,move,295,536,nenhum,
8192,move,299,536,nenhum,
8193,move,300,536,nenhum,
8194,move,303,536,nenhum,
8195,move,306,536,nenhum,
8196,move,309,536,nenhum,
8197,move,312,536,nenhum,
8198,move,315,536,nenhum,
8199,move,319,536,nenhum,
8200,move,325,536,nenhum,
8201,move,328,536,nenhum,
8202,move,331,536,nenhum,
8203,move,334,536,nenhum,
8204,move,337,536,nenhum,
8205,move,340,536,nenhum,
8206,move,344,536,nenhum,
8208,move,347,536,nenhum,
8209,move,348,536,nenhum,
8209,move,351,536,nenhum,
8210,move,354,536,nenhum,
8211,move,357,536,nenhum,
8212,move,362,536,nenhum,
8213,move,365,536,nenhum,
8213,move,368,536,nenhum,
8214,move,372,536,nenhum,
8215,move,375,536,nenhum,
8216,move,378,536,nenhum,
8217,move,381,536,nenhum,
8218,move,384,536,nenhum,
8219,move,385,536,nenhum,
8220,move,389,536,nenhum,
8221,move,392,536,nenhum,
8222,move,395,536,nenhum,
8224,move,398,536,nenhum,
8225,move,401,536,nenhum,
8225,move,404,536,nenhum,
8226,move,407,536,nenhum,
8227,move,409,536,nenhum,
8228,move,412,536,nenhum,
8229,move,415,536,nenhum,
8230,move,418,536,nenhum,
8231,move,421,536,nenhum,
8232,move,424,536,nenhum,
8234,move,427,535,nenhum,
8235,move,433,534,nenhum,
8236,move,436,534,nenhum,
8237,move,439,534,nenhum,
8238,move,442,534,nenhum,
8239,move,445,533,nenhum,
8240,move,446,533,nenhum,
8241,move,449,533,nenhum,
8242,move,452,532,nenhum,
8243,move,456,532,nenhum,
8244,move,459,531,nenhum,
8245,move,462,531,nenhum,
8246,move,465,531,nenhum,
8247,move,468,530,nenhum,
8248,move,470,530,nenhum,
8249,move,471,529,nenhum,
8250,move,474,528,nenhum,
8251,move,477,528,nenhum,
8252,move,480,528,nenhum,
8253,move,485,527,nenhum,
8254,move,487,526,nenhum,
8255,move,490,525,nenhum,
8256,move,492,525,nenhum,
8258,move,495,524,nenhum,
8258,move,497,524,nenhum,
8259,move,500,522,nenhum,
8260,move,502,521,nenhum,
8261,move,505,521,nenhum,
8262,move,509,520,nenhum,
8263,move,513,518,nenhum,
8264,move,515,517,nenhum,
8265,move,518,517,nenhum,
8266,move,520,516,nenhum,
8267,move,522,515,nenhum,
8268,move,525,514,nenhum,
8269,move,527,513,nenhum,
8270,move,530,512,nenhum,
8271,move,533,511,nenhum,
8272,move,535,510,nenhum,
8273,move,538,509,nenhum,
8274,move,541,507,nenhum,
8275,move,543,506,nenhum,
8276,move,545,505,nenhum,
8277,move,546,505,nenhum,
8278,move,549,504,nenhum,
8279,move,551,502,nenhum,
8280,move,553,502,nenhum,
8281,move,555,500,nenhum,
8282,move,558,499,nenhum,
8283,move,561,497,nenhum,
8284,move,563,496,nenhum,
8285,move,565,494,nenhum,
8286,move,567,493,nenhum,
8287,move,570,492,nenhum,
8288,move,571,490,nenhum,
8289,move,573,489,nenhum,
8290,move,576,487,nenhum,
8291,move,577,486,nenhum,
8292,move,578,485,nenhum,
8293,move,581,484,nenhum,
8294,move,582,482,nenhum,
8295,move,584,481,nenhum,
8296,move,586,479,nenhum,
8297,move,589,478,nenhum,
8298,move,590,476,nenhum,
8299,move,591,475,nenhum,
8300,move,593,474,nenhum,
8301,move,595,472,nenhum,
8302,move,596,471,nenhum,
8303,move,598,470,nenhum,
8304,move,598,469,nenhum,
8305,move,600,468,nenhum,
8306,move,602,467,nenhum,
8308,move,603,465,nenhum,
8308,move,605,464,nenhum,
8309,move,606,462,nenhum,
8310,move,608,461,nenhum,
8311,move,610,459,nenhum,
8312,move,611,458,nenhum,
8313,move,612,457,nenhum,
8314,move,613,455,nenhum,
8315,move,615,454,nenhum,
8315,move,617,452,nenhum,
8316,move,618,452,nenhum,
8317,move,619,450,nenhum,
8318,move,620,449,nenhum,
8319,move,622,448,nenhum,
8320,move,622,446,nenhum,
8321,move,624,445,nenhum,
8322,move,626,442,nenhum,
8324,move,627,442,nenhum,
8325,move,628,441,nenhum,
8325,move,629,439,nenhum,
8326,move,631,438,nenhum,
8327,move,631,436,nenhum,
8328,move,633,435,nenhum,
8329,move,634,434,nenhum,
8330,move,634,433,nenhum,
8331,move,636,432,nenhum,
8332,move,636,431,nenhum,
8334,move,638,430,nenhum,
8335,move,639,428,nenhum,
8336,move,640,427,nenhum,
8337,move,641,425,nenhum,
8338,move,642,423,nenhum,
8339,move,643,422,nenhum,
8340,move,644,421,nenhum,
8341,move,645,420,nenhum,
8342,move,645,418,nenhum,
8342,move,646,417,nenhum,
8344,move,648,416,nenhum,
8345,move,648,415,nenhum,
8346,move,649,414,nenhum,
8347,move,649,412,nenhum,
8348,move,650,411,nenhum,
8349,move,650,410,nenhum,
8350,move,651,408,nenhum,
8351,move,652,407,nenhum,
8352,move,652,406,nenhum,
8353,move,653,404,nenhum,
8354,move,654,403,nenhum,
8355,move,654,401,nenhum,
8356,move,654,399,nenhum,
8358,move,655,398,nenhum,
8358,move,655,397,nenhum,
8359,move,656,395,nenhum,
8360,move,656,393,nenhum,
8361,move,656,392,nenhum,
8362,move,657,391,nenhum,
8363,move,657,388,nenhum,
8364,move,657,387,nenhum,
8365,move,658,386,nenhum,
8366,move,658,385,nenhum,
8367,move,658,382,nenhum,
8368,move,658,381,nenhum,
8369,move,658,380,nenhum,
8370,move,659,378,nenhum,
8371,move,659,376,nenhum,
8372,move,659,375,nenhum,
8373,move,659,373,nenhum,
8374,move,659,372,nenhum,
8374,move,660,369,nenhum,
8375,move,660,368,nenhum,
8376,move,660,366,nenhum,
8377,move,660,365,nenhum,
8378,move,661,362,nenhum,
8379,move,661,361,nenhum,
8380,move,661,359,nenhum,
8381,move,661,358,nenhum,
8382,move,661,356,nenhum,
8383,move,661,354,nenhum,
8384,move,661,353,nenhum,
8385,move,661,351,nenhum,
8386,move,661,350,nenhum,
8387,move,662,348,nenhum,
8388,move,662,346,nenhum,
8389,move,662,345,nenhum,
8391,move,663,343,nenhum,
8391,move,663,342,nenhum,
8393,move,663,341,nenhum,
8393,move,663,340,nenhum,
8395,move,663,338,nenhum,
8396,move,663,337,nenhum,
8397,move,663,336,nenhum,
8398,move,664,334,nenhum,
8399,move,664,333,nenhum,
8400,move,664,332,nenhum,
8401,move,665,330,nenhum,
8402,move,665,329,nenhum,
8403,move,666,328,nenhum,
8404,move,666,327,nenhum,
8405,move,666,326,nenhum,
8406,move,666,325,nenhum,
8407,move,666,324,nenhum,
8408,move,666,323,nenhum,
8409,move,667,321,nenhum,
8410,move,667,320,nenhum,
8412,move,667,318,nenhum,
8414,move,668,317,nenhum,
8415,move,668,315,nenhum,
8416,move,669,315,nenhum,
8417,move,669,314,nenhum,
8418,move,669,313,nenhum,
8419,move,669,312,nenhum,
8419,move,670,311,nenhum,
8422,move,670,310,nenhum,
8423,move,670,309,nenhum,
8424,move,670,308,nenhum,
8426,move,670,306,nenhum,
8426,move,671,306,nenhum,
8428,move,671,305,nenhum,
8429,move,672,304,nenhum,
8430,move,672,303,nenhum,
8432,move,672,302,nenhum,
8433,move,672,301,nenhum,
8435,move,673,300,nenhum,
8436,move,673,299,nenhum,
8437,move,673,298,nenhum,
8439,move,673,297,nenhum,
8440,move,673,296,nenhum,
8441,move,673,295,nenhum,
8443,move,673,294,nenhum,
8444,move,674,293,nenhum,
8446,move,674,292,nenhum,
8447,move,674,291,nenhum,
8448,move,674,290,nenhum,
8449,move,674,289,nenhum,
8451,move,675,288,nenhum,
8453,move,675,287,nenhum,
8453,move,675,286,nenhum,
8455,move,675,285,nenhum,
8458,move,675,284,nenhum,
8458,move,675,283,nenhum,
8459,move,675,282,nenhum,
8461,move,675,281,nenhum,
8462,move,675,280,nenhum,
8463,move,675,279,nenhum,
8465,move,675,278,nenhum,
8466,move,675,277,nenhum,
8469,move,675,275,nenhum,
8471,move,675,274,nenhum,
8475,move,675,272,nenhum,
8476,move,675,271,nenhum,
8478,move,675,270,nenhum,
8479,move,675,269,nenhum,
8481,move,675,268,nenhum,
8484,move,675,267,nenhum,
8485,move,675,266,nenhum,
8487,move,675,265,nenhum,
8489,move,675,264,nenhum,
8491,move,676,264,nenhum,
8492,move,676,263,nenhum,
8493,move,676,262,nenhum,
8496,move,676,261,nenhum,
8497,move,677,261,nenhum,
8499,move,677,260,nenhum,
8502,move,678,259,nenhum,
8504,move,679,258,nenhum,
8506,move,679,257,nenhum,
8508,move,680,256,nenhum,
8511,move,681,255,nenhum,
8514,move,681,254,nenhum,
8516,move,682,253,nenhum,
8518,move,683,253,nenhum,
8519,move,683,252,nenhum,
8521,move,683,251,nenhum,
8522,move,684,250,nenhum,
8524,move,684,249,nenhum,
8525,move,685,249,nenhum,
8527,move,685,248,nenhum,
8529,move,686,247,nenhum,
8530,move,687,246,nenhum,
8532,move,687,245,nenhum,
8534,move,688,244,nenhum,
8536,move,688,243,nenhum,
8537,move,689,242,nenhum,
8539,move,689,241,nenhum,
8540,move,690,240,nenhum,
8541,move,690,239,nenhum,
8543,move,691,238,nenhum,
8544,move,691,237,nenhum,
8545,move,691,236,nenhum,
8546,move,692,235,nenhum,
8548,move,692,234,nenhum,
8549,move,693,233,nenhum,
8550,move,693,232,nenhum,
8551,move,694,231,nenhum,
8552,move,694,230,nenhum,
8553,move,694,229,nenhum,
8554,move,695,229,nenhum,
8555,move,695,227,nenhum,
8558,move,695,226,nenhum,
8558,move,696,226,nenhum,
8559,move,697,224,nenhum,
8561,move,697,223,nenhum,
8562,move,697,222,nenhum,
8563,move,698,221,nenhum,
8564,move,699,219,nenhum,
8566,move,699,218,nenhum,
8567,move,700,216,nenhum,
8569,move,701,214,nenhum,
8571,move,701,213,nenhum,
8571,move,702,212,nenhum,
8572,move,702,211,nenhum,
8574,move,702,209,nenhum,
8576,move,703,208,nenhum,
8576,move,704,208,nenhum,
8576,move,704,206,nenhum,
8577,move,704,205,nenhum,
8578,move,706,204,nenhum,
8579,move,706,203,nenhum,
8580,move,706,202,nenhum,
8581,move,707,200,nenhum,
8582,move,708,199,nenhum,
8583,move,708,198,nenhum,
8584,move,709,197,nenhum,
8585,move,710,197,nenhum,
8586,move,710,195,nenhum,
8587,move,711,193,nenhum,
8588,move,712,192,nenhum,
8590,move,712,191,nenhum,
8591,move,713,189,nenhum,
8592,move,713,188,nenhum,
8593,move,714,186,nenhum,
8595,move,715,186,nenhum,
8596,move,715,184,nenhum,
8597,move,716,183,nenhum,
8598,move,717,182,nenhum,
8599,move,717,181,nenhum,
8600,move,717,179,nenhum,
8601,move,718,178,nenhum,
8602,move,719,176,nenhum,
8603,move,719,175,nenhum,
8604,move,720,173,nenhum,
8605,move,720,172,nenhum,
8606,move,721,171,nenhum,
8608,move,721,169,nenhum,
8609,move,722,169,nenhum,
8609,move,722,168,nenhum,
8610,move,723,166,nenhum,
8611,move,723,165,nenhum,
8612,move,723,164,nenhum,
8613,move,724,161,nenhum,
8614,move,724,160,nenhum,
8615,move,725,159,nenhum,
8616,move,725,157,nenhum,
8617,move,725,155,nenhum,
8618,move,726,154,nenhum,
8619,move,726,153,nenhum,
8620,move,726,150,nenhum,
8621,move,727,149,nenhum,
8622,move,727,147,nenhum,
8623,move,727,146,nenhum,
8624,move,728,144,nenhum,
8626,move,728,142,nenhum,
8627,move,728,141,nenhum,
8628,move,729,138,nenhum,
8629,move,729,137,nenhum,
8630,move,730,136,nenhum,
8631,move,730,134,nenhum,
8632,move,730,131,nenhum,
8633,move,730,129,nenhum,
8634,move,730,128,nenhum,
8635,move,731,126,nenhum,
8636,move,731,124,nenhum,
8637,move,731,122,nenhum,
8638,move,732,121,nenhum,
8639,move,732,118,nenhum,
8640,move,732,117,nenhum,
8641,move,732,115,nenhum,
8642,move,732,113,nenhum,
8643,move,732,111,nenhum,
8644,move,732,110,nenhum,
8645,move,733,108,nenhum,
8646,move,733,107,nenhum,
8647,move,733,105,nenhum,
8648,move,733,104,nenhum,
8649,move,733,102,nenhum,
8650,move,734,101,nenhum,
8651,move,734,99,nenhum,
8652,move,734,98,nenhum,
8653,move,734,96,nenhum,
8654,move,734,95,nenhum,
8655,move,734,94,nenhum,
8656,move,734,92,nenhum,
8657,move,734,91,nenhum,
8658,move,735,90,nenhum,
8659,move,735,89,nenhum,
8660,move,735,87,nenhum,
8661,move,735,86,nenhum,
8662,move,735,85,nenhum,
8663,move,736,83,nenhum,
8664,move,736,82,nenhum,
8665,move,736,81,nenhum,
8666,move,736,79,nenhum,
8667,move,736,78,nenhum,
8669,move,736,76,nenhum,
8670,move,736,75,nenhum,
8671,move,736,74,nenhum,
8672,move,737,73,nenhum,
8673,move,737,72,nenhum,
8674,move,737,71,nenhum,
8676,move,737,70,nenhum,
8677,move,737,69,nenhum,
8678,move,737,68,nenhum,
8679,move,737,67,nenhum,
8680,move,737,66,nenhum,
8681,move,738,65,nenhum,
8683,move,738,64,nenhum,
8684,move,738,63,nenhum,
8685,move,738,62,nenhum,
8687,move,738,61,nenhum,
8689,move,739,60,nenhum,
8690,move,739,59,nenhum,
8691,move,739,58,nenhum,
8694,move,739,57,nenhum,
8696,move,740,56,nenhum,
8698,move,740,55,nenhum,
8700,move,740,54,nenhum,
8702,move,740,53,nenhum,
8705,move,741,52,nenhum,
8708,move,741,51,nenhum,
8709,move,741,50,nenhum,
8711,move,742,50,nenhum,
8712,move,742,49,nenhum,
8716,move,742,48,nenhum,
8720,move,742,47,nenhum,
8723,move,742,46,nenhum,
8726,move,743,46,nenhum,
8728,move,743,45,nenhum,
8735,move,743,44,nenhum,
8744,move,743,43,nenhum,
8747,move,743,42,nenhum,
8751,move,744,42,nenhum,
8759,move,744,41,nenhum,
8769,move,744,40,nenhum,
8770,move,745,40,nenhum,
8780,move,745,39,nenhum,
8787,move,745,38,nenhum,
8790,move,746,38,nenhum,
8795,move,746,37,nenhum,
8803,move,746,36,nenhum,
8806,move,747,36,nenhum,
8809,move,747,35,nenhum,
8812,move,747,34,nenhum,
8817,move,748,34,nenhum,
8818,move,748,33,nenhum,
8825,move,749,32,nenhum,
8829,move,750,32,nenhum,
8831,move,750,31,nenhum,
8834,move,750,30,nenhum,
8835,move,751,30,nenhum,
8840,move,751,29,nenhum,
8844,move,752,28,nenhum,
8848,move,752,27,nenhum,
8851,move,753,26,nenhum,
8855,move,754,25,nenhum,
8860,move,754,24,nenhum,
8863,move,755,24,nenhum,
8864,move,755,23,nenhum,
8867,move,755,22,nenhum,
8870,move,756,22,nenhum,
8871,move,756,21,nenhum,
8877,move,756,20,nenhum,
8878,move,757,20,nenhum,
8882,move,758,19,nenhum,
8884,move,758,18,nenhum,
8887,move,759,18,nenhum,
8888,move,759,17,nenhum,
8893,move,760,16,nenhum,
8897,move,761,15,nenhum,
8900,move,762,15,nenhum,
8902,move,762,14,nenhum,
8904,move,762,13,nenhum,
8905,move,763,13,nenhum,
8909,move,763,12,nenhum,
8910,move,764,12,nenhum,
8914,move,764,11,nenhum,
8915,move,765,11,nenhum,
8918,move,765,10,nenhum,
8920,move,766,9,nenhum,
8923,move,767,9,nenhum,
8925,move,767,8,nenhum,
8929,move,767,7,nenhum,
8930,move,768,7,nenhum,
8934,move,768,6,nenhum,
8936,move,768,5,nenhum,
8939,move,769,5,nenhum,
8942,move,769,4,nenhum,
8948,move,769,3,nenhum,
8951,move,770,3,nenhum,
8952,move,770,2,nenhum,
8955,move,771,1,nenhum,
8960,move,771,0,nenhum,
